{"stats":{"minecraft:custom":{"minecraft:time_since_rest":2837,"minecraft:sprint_one_cm":69744,"minecraft:damage_taken":370,"minecraft:walk_one_cm":127017,"minecraft:mob_kills":6,"minecraft:damage_dealt":488,"minecraft:swim_one_cm":3184,"minecraft:interact_with_crafting_table":1,"minecraft:fly_one_cm":55835,"minecraft:open_chest":1,"minecraft:crouch_one_cm":801,"minecraft:play_time":29664,"minecraft:deaths":1,"minecraft:sneak_time":5525,"minecraft:walk_under_water_one_cm":7080,"minecraft:jump":396,"minecraft:walk_on_water_one_cm":7822,"minecraft:time_since_death":26970,"minecraft:sleep_in_bed":2,"minecraft:total_world_time":29664,"minecraft:fall_one_cm":7526},"minecraft:used":{"minecraft:beetroot":7,"minecraft:chicken":5,"minecraft:wooden_pickaxe":36,"minecraft:dirt":2,"minecraft:crafting_table":1,"tombstone:gift":1,"minecraft:white_bed":1},"minecraft:picked_up":{"biomesoplenty:lavender":10,"minecraft:stripped_oak_log":13,"minecraft:feather":10,"minecraft:chicken":5,"minecraft:leather":2,"minecraft:oak_log":4,"minecraft:white_bed":2,"minecraft:dirt":2,"minecraft:wheat_seeds":3,"minecraft:beef":2,"minecraft:cobblestone":36},"minecraft:mined":{"minecraft:white_bed":2,"biomesoplenty:lavender":1,"minecraft:black_bed":1,"minecraft:grass":15,"minecraft:grass_block":1,"minecraft:oak_log":4,"biomesoplenty:flowering_oak_leaves":2,"minecraft:dirt":1,"minecraft:stripped_oak_log":13,"biomesoplenty:high_grass_plant":5,"minecraft:tall_grass":1,"minecraft:stone":36,"minecraft:oak_leaves":1},"minecraft:killed":{"naturalist:bass":1,"bloomingnature:turkey":5},"minecraft:crafted":{"minecraft:oak_planks":68,"minecraft:crafting_table":1,"minecraft:stick":4,"minecraft:wooden_pickaxe":1}},"DataVersion":3465}