{"stats":{"minecraft:custom":{"minecraft:mob_kills":28,"tombstone:raider_killed":2,"minecraft:interact_with_crafting_table":9,"minecraft:time_since_death":45256,"minecraft:sleep_in_bed":7,"minecraft:time_since_rest":33571,"minecraft:sprint_one_cm":163639,"minecraft:damage_taken":4253,"minecraft:walk_one_cm":367176,"minecraft:drop":76,"minecraft:damage_dealt":6376,"minecraft:swim_one_cm":4530,"minecraft:fly_one_cm":102615,"minecraft:open_chest":13,"minecraft:crouch_one_cm":19478,"minecraft:play_time":101664,"tombstone:undead_killed":18,"minecraft:deaths":3,"minecraft:sneak_time":18716,"minecraft:walk_under_water_one_cm":8784,"minecraft:jump":1431,"minecraft:walk_on_water_one_cm":11335,"minecraft:total_world_time":101664,"minecraft:interact_with_smoker":4,"minecraft:fall_one_cm":50327},"minecraft:used":{"minecraft:cooked_mutton":3,"minecraft:beetroot":7,"biomesoplenty:mahogany_planks":94,"minecraft:oak_planks":327,"minecraft:wooden_pickaxe":78,"minecraft:iron_sword":167,"minecraft:diamond_axe":10,"minecraft:torch":11,"minecraft:dirt":2,"minecraft:crafting_table":4,"minecraft:carrot":3,"minecraft:white_bed":5,"minecraft:gray_concrete":3,"minecraft:shroomlight":3,"minecraft:cyan_terracotta":1,"minecraft:chicken":5,"minecraft:melon_slice":64,"minecraft:iron_helmet":1,"tombstone:grave_key":1,"minecraft:diamond_sword":35,"minecraft:diamond_chestplate":1,"minecraft:stone_axe":104,"minecraft:golden_carrot":2,"minecraft:cobblestone":27,"minecraft:beef":2,"tombstone:gift":3,"minecraft:experience_bottle":9},"minecraft:dropped":{"minecraft:golden_chestplate":1,"minecraft:cobblestone":6,"minecraft:rotten_flesh":1,"minecraft:golden_carrot":3,"minecraft:stone_button":1,"minecraft:melon_slice":64},"minecraft:broken":{"minecraft:stone_axe":1,"minecraft:wooden_axe":1},"minecraft:picked_up":{"minecraft:stripped_oak_log":13,"biomesoplenty:lavender":10,"minecraft:netherite_boots":1,"minecraft:crafting_table":1,"minecraft:wheat":1,"minecraft:feather":10,"minecraft:chicken":5,"iceandfire:witherbone":10,"minecraft:leather":3,"minecraft:lead":1,"minecraft:potato":12,"minecraft:birch_planks":1,"minecraft:oak_log":74,"minecraft:gray_concrete":4,"minecraft:dirt":2,"minecraft:bone":22,"minecraft:shroomlight":3,"minecraft:acacia_planks":1,"minecraft:wheat_seeds":5,"minecraft:spruce_wood":1,"minecraft:beef":2,"meadow:patched_wool":1,"minecraft:melon_slice":138,"biomesoplenty:mahogany_planks":8,"minecraft:oak_planks":2,"minecraft:iron_sword":1,"minecraft:phantom_membrane":1,"minecraft:egg":1,"minecraft:stick":5,"minecraft:stripped_acacia_wood":9,"minecraft:porkchop":11,"minecraft:birch_stairs":2,"minecraft:stone_button":4,"tombstone:grave_dust":4,"minecraft:white_bed":5,"minecraft:golden_chestplate":1,"minecraft:dark_prismarine":1,"minecraft:polished_andesite":1,"biomesoplenty:mahogany_log":52,"minecraft:rotten_flesh":2,"minecraft:slime_ball":5,"minecraft:diamond":18,"minecraft:diamond_boots":1,"minecraft:iron_helmet":2,"minecraft:cyan_terracotta":29,"minecraft:oak_sapling":6,"minecraft:mutton":3,"minecraft:coal":5,"minecraft:white_wool":1,"minecraft:cobblestone":36},"minecraft:mined":{"minecraft:birch_stairs":2,"minecraft:dark_prismarine":1,"minecraft:white_bed":5,"minecraft:gray_concrete":4,"minecraft:cyan_terracotta":25,"biomesoplenty:desert_grass":1,"minecraft:crafting_table":1,"minecraft:grass_block":1,"minecraft:melon":27,"biomesoplenty:mahogany_planks":7,"biomesoplenty:flowering_oak_leaves":2,"biomesoplenty:high_grass_plant":5,"minecraft:tall_grass":1,"minecraft:oak_planks":3,"minecraft:spawner":1,"minecraft:birch_planks":1,"biomesoplenty:mahogany_log":54,"biomesoplenty:lavender":1,"minecraft:black_bed":1,"minecraft:grass":18,"minecraft:oak_log":6,"minecraft:shroomlight":2,"minecraft:dirt":1,"minecraft:stripped_oak_log":13,"minecraft:spruce_wood":1,"minecraft:acacia_planks":1,"minecraft:stripped_acacia_wood":9,"minecraft:polished_andesite":5,"minecraft:stone":36,"minecraft:oak_leaves":1,"minecraft:fern":10,"minecraft:dark_oak_planks":7},"minecraft:killed":{"minecraft:slime":1,"minecraft:hoglin":2,"bloomingnature:turkey":5,"minecraft:phantom":2,"minecraft:sheep":1,"minecraft:skeleton":1,"minecraft:zombie":1,"naturalist:bass":1,"minecraft:wither_skeleton":14},"minecraft:crafted":{"minecraft:oak_planks":348,"minecraft:diamond_sword":1,"minecraft:diamond_axe":1,"minecraft:crafting_table":3,"biomesoplenty:mahogany_planks":208,"minecraft:wooden_pickaxe":3,"iceandfire:wither_shard":3,"minecraft:stone_axe":1,"minecraft:cooked_mutton":3,"minecraft:air":0,"minecraft:stick":12,"minecraft:wooden_axe":1,"minecraft:torch":12,"minecraft:diamond_chestplate":1}},"DataVersion":3465}