{"stats":{"minecraft:broken":{"minecraft:wooden_sword":1},"minecraft:custom":{"minecraft:time_since_rest":1,"minecraft:interact_with_furnace":1,"minecraft:damage_taken":580,"minecraft:sprint_one_cm":16765,"minecraft:walk_one_cm":95480,"minecraft:trigger_trapped_chest":2,"minecraft:mob_kills":1,"minecraft:drop":6,"minecraft:damage_dealt":428,"minecraft:interact_with_crafting_table":5,"minecraft:swim_one_cm":1524,"minecraft:fly_one_cm":30019,"minecraft:open_barrel":1,"minecraft:open_chest":2,"minecraft:crouch_one_cm":1382,"tombstone:undead_killed":1,"minecraft:play_time":28644,"minecraft:deaths":2,"minecraft:sneak_time":1917,"minecraft:walk_under_water_one_cm":7124,"minecraft:jump":242,"minecraft:walk_on_water_one_cm":5462,"minecraft:time_since_death":254,"minecraft:total_world_time":28644,"minecraft:climb_one_cm":34909,"minecraft:fall_one_cm":4364,"minecraft:inspect_dispenser":1},"minecraft:killed":{"minecraft:skeleton":1},"minecraft:picked_up":{"minecraft:charcoal":4,"minecraft:stone":16,"minecraft:ladder":2,"minecraft:redstone_lamp":1,"minecraft:cut_sandstone":1,"biomesoplenty:dead_log":6,"minecraft:sand":9,"minecraft:stone_brick_stairs":2,"tombstone:grave_dust":1,"minecraft:chiseled_sandstone":2,"minecraft:smooth_stone_slab":2,"minecraft:arrow":2,"minecraft:light_gray_concrete":1,"minecraft:bone":2,"minecraft:rotten_flesh":2,"minecraft:smooth_quartz":12,"minecraft:bread":1,"minecraft:rabbit":2,"minecraft:iron_bars":1,"minecraft:furnace":2},"minecraft:dropped":{"tombstone:grave_dust":1,"biomesoplenty:dead_button":5},"minecraft:crafted":{"minecraft:wooden_sword":1,"biomesoplenty:dead_planks":24,"minecraft:crafting_table":1,"minecraft:stick":8,"minecraft:wooden_pickaxe":1,"biomesoplenty:dead_button":5,"minecraft:torch":16},"minecraft:mined":{"minecraft:black_stained_glass_pane":3,"minecraft:cut_sandstone":1,"minecraft:glass_pane":2,"minecraft:furnace":2,"minecraft:redstone_torch":1,"minecraft:stone_brick_stairs":2,"minecraft:smooth_stone_slab":1,"minecraft:ladder":1,"biomesoplenty:dead_log":6,"minecraft:iron_bars":1,"minecraft:smooth_quartz":12,"minecraft:light_gray_concrete":1,"minecraft:campfire":2,"minecraft:sand":11,"biomesoplenty:dead_grass":1,"minecraft:spruce_slab":1,"minecraft:redstone_lamp":2},"minecraft:used":{"minecraft:bread":1,"minecraft:ladder":1,"minecraft:wooden_pickaxe":29,"minecraft:stone":6,"minecraft:torch":2,"minecraft:sand":9,"minecraft:wooden_sword":59,"minecraft:redstone_lamp":1,"minecraft:crafting_table":1,"biomesoplenty:dead_planks":6}},"DataVersion":3465}