{"stats":{"minecraft:broken":{"minecraft:wooden_sword":1},"minecraft:custom":{"minecraft:interact_with_furnace":1,"minecraft:mob_kills":1,"minecraft:interact_with_crafting_table":5,"minecraft:open_barrel":1,"minecraft:leave_game":1,"minecraft:time_since_death":434,"minecraft:climb_one_cm":34909,"minecraft:time_since_rest":1,"minecraft:sprint_one_cm":83662,"minecraft:damage_taken":940,"minecraft:walk_one_cm":138217,"minecraft:trigger_trapped_chest":2,"minecraft:drop":6,"minecraft:damage_dealt":481,"minecraft:swim_one_cm":8451,"minecraft:fly_one_cm":149644,"minecraft:open_chest":5,"minecraft:crouch_one_cm":1489,"minecraft:play_time":42600,"tombstone:undead_killed":1,"minecraft:deaths":3,"minecraft:sneak_time":1951,"minecraft:walk_under_water_one_cm":7679,"minecraft:jump":695,"minecraft:walk_on_water_one_cm":15066,"minecraft:total_world_time":42600,"minecraft:fall_one_cm":14777,"minecraft:inspect_dispenser":1},"minecraft:killed":{"minecraft:skeleton":1},"minecraft:picked_up":{"minecraft:charcoal":4,"minecraft:ladder":2,"minecraft:redstone_lamp":1,"minecraft:cut_sandstone":1,"biomesoplenty:dead_log":6,"minecraft:stone_brick_stairs":2,"minecraft:gunpowder":1,"minecraft:string":2,"minecraft:smooth_stone_slab":2,"minecraft:bone":3,"minecraft:gold_nugget":2,"minecraft:iron_nugget":1,"minecraft:smooth_quartz":12,"minecraft:rabbit":2,"minecraft:furnace":2,"minecraft:stone":16,"minecraft:green_bed":1,"minecraft:acacia_log":8,"minecraft:sand":12,"tombstone:grave_dust":1,"minecraft:chiseled_sandstone":2,"minecraft:spider_eye":1,"minecraft:light_gray_concrete":1,"minecraft:arrow":2,"minecraft:rotten_flesh":3,"minecraft:bread":1,"minecraft:iron_bars":1},"minecraft:dropped":{"tombstone:grave_dust":1,"biomesoplenty:dead_button":5},"minecraft:mined":{"minecraft:cut_sandstone":1,"minecraft:acacia_leaves":1,"minecraft:glass_pane":2,"ecologics:pot":4,"biomesoplenty:desert_grass":4,"minecraft:ladder":1,"minecraft:acacia_log":8,"minecraft:campfire":2,"biomesoplenty:dead_grass":1,"biomesoplenty:dune_grass":1,"minecraft:black_stained_glass_pane":3,"minecraft:furnace":2,"minecraft:redstone_torch":1,"minecraft:fire":1,"minecraft:stone_brick_stairs":2,"minecraft:smooth_stone_slab":1,"biomesoplenty:dead_log":6,"minecraft:iron_bars":1,"minecraft:light_gray_concrete":1,"minecraft:sand":11,"minecraft:smooth_quartz":12,"minecraft:spruce_slab":1,"minecraft:green_bed":1,"minecraft:redstone_lamp":2},"minecraft:crafted":{"minecraft:wooden_sword":1,"biomesoplenty:dead_planks":24,"minecraft:crafting_table":1,"minecraft:wooden_pickaxe":1,"minecraft:stick":8,"biomesoplenty:dead_button":5,"minecraft:acacia_planks":32,"minecraft:torch":16},"minecraft:used":{"minecraft:rabbit":2,"minecraft:ladder":1,"minecraft:wooden_pickaxe":35,"minecraft:stone":6,"minecraft:torch":2,"minecraft:sand":9,"minecraft:crafting_table":1,"minecraft:carrot":1,"biomesoplenty:dead_planks":6,"minecraft:bread":3,"minecraft:wooden_sword":59,"minecraft:redstone_lamp":1,"tombstone:gift":2,"minecraft:potato":7}},"DataVersion":3465}