{"stats":{"minecraft:custom":{"minecraft:mob_kills":8,"minecraft:interact_with_crafting_table":3,"minecraft:time_since_death":3256,"minecraft:sleep_in_bed":4,"minecraft:time_since_rest":2484,"minecraft:sprint_one_cm":113209,"minecraft:damage_taken":2316,"minecraft:walk_one_cm":239143,"minecraft:drop":70,"minecraft:damage_dealt":772,"minecraft:swim_one_cm":4530,"minecraft:fly_one_cm":88891,"minecraft:open_chest":6,"minecraft:crouch_one_cm":5561,"minecraft:play_time":59664,"tombstone:undead_killed":1,"minecraft:deaths":3,"minecraft:sneak_time":7645,"minecraft:walk_under_water_one_cm":8784,"minecraft:jump":1150,"minecraft:walk_on_water_one_cm":11335,"minecraft:total_world_time":59664,"minecraft:interact_with_smoker":3,"minecraft:fall_one_cm":33435},"minecraft:used":{"minecraft:beetroot":7,"minecraft:oak_planks":327,"minecraft:wooden_pickaxe":36,"minecraft:dirt":2,"minecraft:crafting_table":2,"minecraft:carrot":3,"minecraft:white_bed":4,"minecraft:chicken":5,"minecraft:melon_slice":15,"minecraft:iron_helmet":1,"tombstone:grave_key":1,"minecraft:stone_axe":104,"minecraft:cobblestone":27,"minecraft:beef":2,"tombstone:gift":1},"minecraft:dropped":{"minecraft:cobblestone":6,"minecraft:melon_slice":64},"minecraft:broken":{"minecraft:stone_axe":1,"minecraft:wooden_axe":1},"minecraft:picked_up":{"minecraft:stripped_oak_log":13,"biomesoplenty:lavender":10,"minecraft:crafting_table":1,"minecraft:wheat":1,"minecraft:feather":10,"minecraft:chicken":5,"iceandfire:witherbone":1,"minecraft:leather":2,"minecraft:lead":1,"minecraft:oak_log":74,"minecraft:dirt":2,"minecraft:bone":2,"minecraft:wheat_seeds":5,"minecraft:beef":2,"meadow:patched_wool":1,"minecraft:melon_slice":138,"minecraft:iron_sword":1,"minecraft:egg":1,"minecraft:stick":5,"minecraft:white_bed":5,"biomesoplenty:mahogany_log":52,"minecraft:rotten_flesh":1,"minecraft:iron_helmet":1,"minecraft:oak_sapling":6,"minecraft:mutton":3,"minecraft:white_wool":1,"minecraft:cobblestone":36},"minecraft:mined":{"minecraft:white_bed":5,"biomesoplenty:desert_grass":1,"minecraft:crafting_table":1,"minecraft:grass_block":1,"minecraft:melon":27,"biomesoplenty:flowering_oak_leaves":2,"biomesoplenty:high_grass_plant":5,"minecraft:tall_grass":1,"biomesoplenty:mahogany_log":54,"biomesoplenty:lavender":1,"minecraft:black_bed":1,"minecraft:grass":18,"minecraft:oak_log":6,"minecraft:dirt":1,"minecraft:stripped_oak_log":13,"minecraft:stone":36,"minecraft:oak_leaves":1,"minecraft:fern":10},"minecraft:killed":{"bloomingnature:turkey":5,"minecraft:sheep":1,"minecraft:zombie":1,"naturalist:bass":1},"minecraft:crafted":{"minecraft:oak_planks":348,"minecraft:crafting_table":1,"biomesoplenty:mahogany_planks":208,"minecraft:wooden_pickaxe":1,"iceandfire:wither_shard":3,"minecraft:stone_axe":1,"minecraft:cooked_mutton":3,"minecraft:air":0,"minecraft:stick":8,"minecraft:wooden_axe":1}},"DataVersion":3465}