{"stats":{"minecraft:custom":{"minecraft:time_since_rest":16644,"minecraft:damage_taken":300,"minecraft:sprint_one_cm":6805,"minecraft:walk_one_cm":62024,"minecraft:trigger_trapped_chest":1,"minecraft:drop":6,"minecraft:damage_dealt":106,"minecraft:interact_with_crafting_table":5,"minecraft:swim_one_cm":1524,"minecraft:fly_one_cm":14119,"minecraft:open_chest":2,"minecraft:crouch_one_cm":880,"minecraft:play_time":16644,"minecraft:sneak_time":1319,"minecraft:walk_under_water_one_cm":2527,"minecraft:jump":119,"minecraft:walk_on_water_one_cm":2639,"minecraft:time_since_death":16644,"minecraft:total_world_time":16644,"minecraft:climb_one_cm":17760,"minecraft:fall_one_cm":2899},"minecraft:picked_up":{"minecraft:stone":10,"minecraft:redstone_lamp":1,"minecraft:cut_sandstone":1,"biomesoplenty:dead_log":6,"minecraft:sand":9,"tombstone:grave_dust":1,"minecraft:chiseled_sandstone":2,"minecraft:bread":1},"minecraft:dropped":{"tombstone:grave_dust":1,"biomesoplenty:dead_button":5},"minecraft:mined":{"minecraft:cut_sandstone":1,"minecraft:redstone_torch":1,"biomesoplenty:dead_log":6,"minecraft:sand":11,"biomesoplenty:dead_grass":1,"minecraft:redstone_lamp":2},"minecraft:crafted":{"minecraft:wooden_sword":1,"biomesoplenty:dead_planks":24,"minecraft:crafting_table":1,"minecraft:stick":4,"minecraft:wooden_pickaxe":1,"biomesoplenty:dead_button":5},"minecraft:used":{"minecraft:bread":1,"minecraft:wooden_pickaxe":5,"minecraft:sand":9,"minecraft:wooden_sword":1,"minecraft:redstone_lamp":1,"minecraft:crafting_table":1,"biomesoplenty:dead_planks":4}},"DataVersion":3465}