{"stats":{"minecraft:custom":{"minecraft:time_since_rest":7707,"minecraft:sprint_one_cm":99560,"minecraft:damage_taken":723,"minecraft:walk_one_cm":194310,"minecraft:mob_kills":7,"minecraft:drop":6,"minecraft:damage_dealt":762,"minecraft:swim_one_cm":4530,"minecraft:interact_with_crafting_table":3,"minecraft:fly_one_cm":85582,"minecraft:open_chest":4,"minecraft:crouch_one_cm":2383,"minecraft:play_time":47664,"minecraft:deaths":1,"minecraft:sneak_time":6655,"minecraft:walk_under_water_one_cm":8678,"minecraft:jump":882,"minecraft:walk_on_water_one_cm":11056,"minecraft:time_since_death":44970,"minecraft:sleep_in_bed":3,"minecraft:total_world_time":47664,"minecraft:fall_one_cm":16805},"minecraft:used":{"minecraft:beetroot":7,"minecraft:chicken":5,"minecraft:melon_slice":12,"minecraft:oak_planks":138,"minecraft:wooden_pickaxe":36,"minecraft:stone_axe":104,"minecraft:dirt":2,"minecraft:cobblestone":27,"minecraft:beef":2,"minecraft:crafting_table":2,"minecraft:carrot":3,"tombstone:gift":1,"minecraft:white_bed":3},"minecraft:dropped":{"minecraft:cobblestone":6},"minecraft:broken":{"minecraft:wooden_axe":1,"minecraft:stone_axe":1},"minecraft:picked_up":{"biomesoplenty:lavender":10,"minecraft:stripped_oak_log":13,"minecraft:stick":5,"minecraft:crafting_table":1,"iceandfire:witherbone":1,"minecraft:feather":10,"minecraft:chicken":5,"minecraft:leather":2,"minecraft:oak_log":74,"minecraft:white_bed":4,"minecraft:dirt":2,"biomesoplenty:mahogany_log":52,"minecraft:bone":2,"minecraft:rotten_flesh":1,"minecraft:wheat_seeds":5,"minecraft:beef":2,"meadow:patched_wool":1,"minecraft:oak_sapling":5,"minecraft:melon_slice":138,"minecraft:mutton":3,"minecraft:white_wool":1,"minecraft:cobblestone":36,"minecraft:egg":1},"minecraft:mined":{"minecraft:white_bed":4,"biomesoplenty:mahogany_log":54,"biomesoplenty:lavender":1,"biomesoplenty:desert_grass":1,"minecraft:black_bed":1,"minecraft:crafting_table":1,"minecraft:grass":18,"minecraft:grass_block":1,"minecraft:oak_log":6,"minecraft:melon":27,"biomesoplenty:flowering_oak_leaves":2,"minecraft:dirt":1,"minecraft:stripped_oak_log":13,"biomesoplenty:high_grass_plant":5,"minecraft:tall_grass":1,"minecraft:stone":36,"minecraft:oak_leaves":1,"minecraft:fern":10},"minecraft:crafted":{"minecraft:oak_planks":348,"minecraft:crafting_table":1,"minecraft:stick":8,"biomesoplenty:mahogany_planks":208,"minecraft:wooden_pickaxe":1,"minecraft:wooden_axe":1,"iceandfire:wither_shard":3,"minecraft:stone_axe":1},"minecraft:killed":{"minecraft:sheep":1,"naturalist:bass":1,"bloomingnature:turkey":5}},"DataVersion":3465}