{"stats":{"minecraft:broken":{"minecraft:stone_axe":1,"minecraft:wooden_axe":1},"minecraft:killed":{"bloomingnature:deer":1,"minecraft:slime":1,"bloomingnature:turkey":5,"naturalist:duck":2,"minecraft:phantom":2,"minecraft:skeleton":2,"minecraft:horse":6,"naturalist:bass":1,"iceandfire:hippocampus":1,"minecraft:pig":1,"naturalist:bear":1,"naturalist:snake":1,"minecraft:hoglin":2,"minecraft:sheep":2,"minecraft:goat":1,"minecraft:zombie":3,"iceandfire:ghost":5,"minecraft:wither_skeleton":16,"iceandfire:sea_serpent":1,"minecraft:cow":9},"minecraft:custom":{"minecraft:mob_kills":64,"minecraft:interact_with_crafting_table":24,"minecraft:open_barrel":7,"minecraft:leave_game":5,"minecraft:time_since_death":104695,"minecraft:climb_one_cm":1000,"minecraft:sprint_one_cm":339596,"minecraft:walk_one_cm":717230,"minecraft:drop":123,"minecraft:play_time":245560,"minecraft:sneak_time":27007,"minecraft:deaths":5,"minecraft:walk_under_water_one_cm":30473,"minecraft:jump":3047,"minecraft:walk_on_water_one_cm":49212,"minecraft:total_world_time":245560,"minecraft:interact_with_furnace":17,"tombstone:raider_killed":2,"minecraft:sleep_in_bed":14,"minecraft:time_since_rest":33405,"minecraft:damage_taken":8089,"minecraft:trigger_trapped_chest":5,"minecraft:damage_dealt":14999,"minecraft:swim_one_cm":27204,"minecraft:fly_one_cm":348023,"minecraft:open_chest":74,"minecraft:crouch_one_cm":30370,"tombstone:undead_killed":28,"minecraft:interact_with_smoker":4,"minecraft:fall_one_cm":110324,"minecraft:horse_one_cm":2460198},"minecraft:dropped":{"minecraft:wheat_seeds":14,"minecraft:crafting_table":1,"biomesoplenty:lavender":24,"minecraft:cobblestone":20,"minecraft:leather":5,"minecraft:iron_horse_armor":1,"minecraft:spruce_stairs":1,"minecraft:stick":7,"minecraft:red_bed":1,"minecraft:golden_carrot":3,"minecraft:stone_button":4,"minecraft:melon_slice":64,"minecraft:bone":1,"naturalist:duck_egg":1,"minecraft:bricks":18,"minecraft:brick_wall":1,"minecraft:sugar_cane":2,"minecraft:golden_chestplate":1,"minecraft:rotten_flesh":1,"minecraft:poppy":2,"minecraft:oak_sapling":2,"minecraft:iron_bars":2,"minecraft:arrow":6,"minecraft:wooden_pickaxe":1,"minecraft:beef":14,"minecraft:brick_slab":1,"minecraft:dark_prismarine":1,"minecraft:egg":1},"minecraft:picked_up":{"minecraft:crafting_table":4,"minecraft:wheat":1,"iceandfire:witherbone":10,"minecraft:chicken":5,"minecraft:lead":1,"minecraft:oak_stairs":2,"minecraft:diamond_horse_armor":1,"minecraft:red_bed":2,"minecraft:shroomlight":3,"mca:engagement_ring":1,"minecraft:spruce_planks":3,"minecraft:beef":30,"minecraft:poppy":2,"minecraft:melon_slice":151,"minecraft:sugar_cane":2,"minecraft:phantom_membrane":1,"minecraft:egg":5,"minecraft:stick":10,"minecraft:raw_iron":7,"naturalist:duck":2,"minecraft:brick_wall":1,"minecraft:spruce_stairs":1,"minecraft:porkchop":14,"minecraft:stone_button":4,"tombstone:grave_dust":4,"minecraft:golden_chestplate":1,"minecraft:iron_horse_armor":1,"minecraft:arrow":6,"minecraft:rotten_flesh":3,"minecraft:diamond_boots":1,"minecraft:cyan_terracotta":29,"minecraft:saddle":1,"minecraft:gold_ingot":1,"minecraft:mutton":5,"minecraft:iron_bars":3,"minecraft:white_wool":5,"minecraft:cobblestone":58,"minecraft:stripped_oak_log":13,"biomesoplenty:lavender":34,"minecraft:netherite_boots":1,"minecraft:feather":11,"iceandfire:sea_serpent_fang":9,"minecraft:leather":13,"minecraft:potato":12,"minecraft:birch_planks":1,"minecraft:oak_log":74,"minecraft:gray_concrete":4,"minecraft:dirt":4,"minecraft:bone":23,"minecraft:acacia_planks":1,"minecraft:wheat_seeds":21,"minecraft:spruce_wood":1,"minecraft:iron_ingot":4,"meadow:patched_wool":1,"minecraft:iron_sword":1,"minecraft:oak_planks":8,"biomesoplenty:mahogany_planks":9,"minecraft:oak_slab":1,"minecraft:stripped_acacia_wood":9,"iceandfire:shiny_scales":2,"minecraft:birch_stairs":2,"minecraft:sand":23,"minecraft:white_bed":5,"naturalist:duck_egg":2,"minecraft:brick_slab":1,"minecraft:dark_prismarine":2,"biomesoplenty:mahogany_log":52,"minecraft:polished_andesite":1,"travelersbackpack:standard":1,"minecraft:oak_wood":5,"minecraft:slime_ball":5,"minecraft:diamond":18,"minecraft:iron_helmet":2,"minecraft:oak_sapling":8,"minecraft:bricks":18,"minecraft:coal":15},"minecraft:crafted":{"minecraft:oak_planks":368,"biomesoplenty:mahogany_planks":208,"minecraft:diamond_shovel":1,"minecraft:cooked_mutton":3,"minecraft:glass":12,"travelersbackpack:white_sleeping_bag":1,"minecraft:chest":1,"minecraft:diamond_sword":1,"minecraft:diamond_axe":1,"minecraft:crafting_table":5,"travelersbackpack:backpack_tank":2,"minecraft:wooden_pickaxe":3,"travelersbackpack:standard":1,"iceandfire:wither_shard":3,"minecraft:stone_axe":1,"minecraft:air":0,"minecraft:diamond_pickaxe":1,"minecraft:stick":20,"minecraft:wooden_axe":1,"minecraft:white_bed":1,"minecraft:torch":12,"minecraft:diamond_chestplate":1},"minecraft:mined":{"minecraft:dark_oak_planks":7,"minecraft:dark_prismarine":1,"biomesoplenty:watergrass":6,"minecraft:spruce_planks":3,"minecraft:white_bed":5,"biomesoplenty:desert_grass":1,"minecraft:grass_block":10,"biomesoplenty:flowering_oak_leaves":2,"minecraft:chiseled_stone_bricks":1,"minecraft:spawner":1,"minecraft:iron_ore":7,"biomesoplenty:lavender":1,"biomesoplenty:high_grass":1,"minecraft:shroomlight":2,"minecraft:vine":6,"minecraft:oak_stairs":2,"minecraft:iron_bars":4,"minecraft:stripped_oak_log":13,"minecraft:spruce_wood":1,"minecraft:stone":51,"minecraft:white_wool":3,"minecraft:birch_stairs":2,"minecraft:oak_slab":1,"minecraft:gray_concrete":4,"minecraft:red_bed":1,"minecraft:cyan_terracotta":25,"minecraft:brick_wall":1,"minecraft:crafting_table":3,"minecraft:oak_wood":5,"minecraft:melon":29,"biomesoplenty:mahogany_planks":8,"iceandfire:ghost_chest":1,"biomesoplenty:high_grass_plant":12,"minecraft:tall_grass":18,"minecraft:oak_planks":8,"minecraft:bricks":10,"minecraft:skeleton_skull":1,"minecraft:spruce_stairs":1,"minecraft:birch_planks":1,"minecraft:brick_slab":1,"biomesoplenty:mahogany_log":54,"minecraft:black_bed":1,"minecraft:grass":52,"biomesoplenty:clover":5,"minecraft:oak_log":6,"minecraft:coal_ore":11,"minecraft:sand":23,"minecraft:dirt":4,"minecraft:acacia_planks":1,"minecraft:polished_andesite":5,"minecraft:stripped_acacia_wood":9,"minecraft:stone_bricks":3,"biomesoplenty:reed":1,"minecraft:mossy_stone_bricks":1,"minecraft:oak_leaves":1,"minecraft:fern":10},"minecraft:used":{"minecraft:beetroot":7,"biomesoplenty:mahogany_planks":118,"minecraft:iron_bars":1,"iceandfire:silver_sword":41,"minecraft:iron_sword":167,"minecraft:torch":12,"minecraft:dirt":2,"minecraft:carrot":3,"minecraft:obsidian":1,"minecraft:shroomlight":3,"minecraft:cyan_terracotta":1,"minecraft:spruce_wood":1,"minecraft:iron_helmet":1,"minecraft:diamond_chestplate":1,"naturalist:duck":2,"minecraft:golden_carrot":2,"minecraft:beef":2,"tombstone:gift":6,"minecraft:egg":3,"minecraft:potato":9,"minecraft:cooked_mutton":3,"minecraft:glass_bottle":1,"minecraft:oak_planks":335,"minecraft:wooden_pickaxe":78,"minecraft:diamond_axe":60,"minecraft:crafting_table":7,"minecraft:white_bed":6,"minecraft:gray_concrete":3,"minecraft:diamond_pickaxe":59,"minecraft:apple":2,"minecraft:diamond_shovel":33,"minecraft:chicken":5,"minecraft:bread":30,"minecraft:melon_slice":87,"tombstone:grave_key":2,"minecraft:stone_axe":104,"minecraft:diamond_sword":249,"minecraft:cobblestone":35,"minecraft:potion":1,"travelersbackpack:standard":10,"minecraft:porkchop":14,"minecraft:experience_bottle":9}},"DataVersion":3465}