{"stats":{"minecraft:custom":{"minecraft:mob_kills":36,"tombstone:raider_killed":2,"minecraft:interact_with_crafting_table":11,"minecraft:time_since_death":69256,"minecraft:sleep_in_bed":7,"minecraft:time_since_rest":57571,"minecraft:sprint_one_cm":206707,"minecraft:damage_taken":6000,"minecraft:walk_one_cm":420342,"minecraft:trigger_trapped_chest":3,"minecraft:drop":79,"minecraft:damage_dealt":8471,"minecraft:swim_one_cm":21269,"minecraft:fly_one_cm":141097,"minecraft:open_chest":14,"minecraft:crouch_one_cm":23843,"minecraft:play_time":125664,"tombstone:undead_killed":21,"minecraft:deaths":3,"minecraft:sneak_time":23453,"minecraft:walk_under_water_one_cm":17852,"minecraft:jump":1738,"minecraft:walk_on_water_one_cm":17478,"minecraft:total_world_time":125664,"minecraft:interact_with_smoker":4,"minecraft:fall_one_cm":72781},"minecraft:used":{"minecraft:cooked_mutton":3,"minecraft:beetroot":7,"biomesoplenty:mahogany_planks":102,"iceandfire:silver_sword":9,"minecraft:glass_bottle":1,"minecraft:oak_planks":327,"minecraft:wooden_pickaxe":78,"minecraft:iron_sword":167,"minecraft:diamond_axe":22,"minecraft:torch":12,"minecraft:dirt":2,"minecraft:crafting_table":5,"minecraft:carrot":3,"minecraft:white_bed":5,"minecraft:gray_concrete":3,"minecraft:obsidian":1,"minecraft:shroomlight":3,"minecraft:diamond_pickaxe":23,"minecraft:cyan_terracotta":1,"minecraft:spruce_wood":1,"minecraft:chicken":5,"minecraft:melon_slice":87,"minecraft:iron_helmet":1,"tombstone:grave_key":1,"naturalist:duck":2,"minecraft:potion":1,"minecraft:diamond_sword":83,"minecraft:diamond_chestplate":1,"minecraft:stone_axe":104,"minecraft:golden_carrot":2,"minecraft:cobblestone":27,"minecraft:beef":2,"minecraft:porkchop":14,"tombstone:gift":3,"minecraft:experience_bottle":9},"minecraft:dropped":{"minecraft:golden_chestplate":1,"minecraft:cobblestone":6,"minecraft:rotten_flesh":1,"minecraft:golden_carrot":3,"minecraft:stone_button":4,"minecraft:melon_slice":64,"minecraft:wooden_pickaxe":1,"minecraft:dark_prismarine":1},"minecraft:broken":{"minecraft:stone_axe":1,"minecraft:wooden_axe":1},"minecraft:picked_up":{"minecraft:stripped_oak_log":13,"biomesoplenty:lavender":10,"minecraft:netherite_boots":1,"minecraft:crafting_table":2,"minecraft:wheat":1,"minecraft:feather":11,"minecraft:chicken":5,"iceandfire:witherbone":10,"minecraft:leather":3,"minecraft:lead":1,"minecraft:potato":12,"minecraft:birch_planks":1,"minecraft:oak_log":74,"minecraft:gray_concrete":4,"minecraft:dirt":3,"minecraft:bone":22,"minecraft:shroomlight":3,"minecraft:acacia_planks":1,"minecraft:wheat_seeds":5,"mca:engagement_ring":1,"minecraft:spruce_wood":1,"minecraft:beef":2,"meadow:patched_wool":1,"minecraft:melon_slice":151,"biomesoplenty:mahogany_planks":9,"minecraft:oak_planks":2,"minecraft:iron_sword":1,"minecraft:phantom_membrane":1,"minecraft:egg":1,"minecraft:raw_iron":7,"minecraft:stick":5,"naturalist:duck":2,"minecraft:stripped_acacia_wood":9,"minecraft:porkchop":14,"minecraft:birch_stairs":2,"minecraft:stone_button":4,"tombstone:grave_dust":4,"minecraft:white_bed":5,"minecraft:golden_chestplate":1,"naturalist:duck_egg":1,"minecraft:dark_prismarine":2,"minecraft:polished_andesite":1,"biomesoplenty:mahogany_log":52,"minecraft:rotten_flesh":2,"minecraft:slime_ball":5,"minecraft:diamond":18,"minecraft:diamond_boots":1,"minecraft:iron_helmet":2,"minecraft:cyan_terracotta":29,"minecraft:saddle":1,"minecraft:oak_sapling":6,"minecraft:mutton":3,"minecraft:coal":15,"minecraft:white_wool":1,"minecraft:cobblestone":36},"minecraft:mined":{"minecraft:birch_stairs":2,"minecraft:dark_prismarine":1,"minecraft:white_bed":5,"minecraft:gray_concrete":4,"minecraft:cyan_terracotta":25,"biomesoplenty:desert_grass":1,"minecraft:crafting_table":2,"minecraft:grass_block":2,"minecraft:melon":29,"biomesoplenty:mahogany_planks":8,"biomesoplenty:flowering_oak_leaves":2,"biomesoplenty:high_grass_plant":5,"minecraft:tall_grass":2,"minecraft:oak_planks":3,"minecraft:chiseled_stone_bricks":1,"minecraft:spawner":1,"minecraft:skeleton_skull":1,"minecraft:birch_planks":1,"biomesoplenty:mahogany_log":54,"minecraft:iron_ore":7,"biomesoplenty:lavender":1,"minecraft:black_bed":1,"minecraft:coal_ore":11,"minecraft:vine":4,"minecraft:grass":22,"minecraft:oak_log":6,"minecraft:shroomlight":2,"minecraft:dirt":1,"minecraft:stripped_oak_log":13,"minecraft:spruce_wood":1,"minecraft:acacia_planks":1,"minecraft:stripped_acacia_wood":9,"minecraft:polished_andesite":5,"minecraft:stone":36,"minecraft:oak_leaves":1,"minecraft:fern":10,"minecraft:dark_oak_planks":7},"minecraft:killed":{"minecraft:pig":1,"bloomingnature:deer":1,"naturalist:snake":1,"minecraft:slime":1,"minecraft:hoglin":2,"bloomingnature:turkey":5,"naturalist:duck":2,"minecraft:phantom":2,"minecraft:sheep":1,"minecraft:skeleton":1,"iceandfire:ghost":1,"minecraft:zombie":1,"naturalist:bass":1,"minecraft:wither_skeleton":16},"minecraft:crafted":{"minecraft:oak_planks":348,"minecraft:diamond_sword":1,"minecraft:diamond_axe":1,"minecraft:crafting_table":4,"biomesoplenty:mahogany_planks":208,"minecraft:wooden_pickaxe":3,"iceandfire:wither_shard":3,"minecraft:stone_axe":1,"minecraft:cooked_mutton":3,"minecraft:air":0,"minecraft:diamond_pickaxe":1,"minecraft:stick":16,"minecraft:wooden_axe":1,"minecraft:torch":12,"minecraft:diamond_chestplate":1}},"DataVersion":3465}