{"stats":{"minecraft:broken":{"minecraft:stone_axe":1,"minecraft:wooden_axe":1},"minecraft:killed":{"bloomingnature:deer":1,"minecraft:slime":1,"bloomingnature:turkey":5,"naturalist:duck":2,"minecraft:phantom":2,"minecraft:skeleton":1,"naturalist:bass":1,"minecraft:pig":1,"naturalist:snake":1,"minecraft:hoglin":2,"minecraft:sheep":1,"minecraft:zombie":1,"iceandfire:ghost":1,"minecraft:wither_skeleton":16},"minecraft:custom":{"minecraft:mob_kills":36,"minecraft:interact_with_crafting_table":12,"minecraft:leave_game":1,"minecraft:time_since_death":79547,"minecraft:climb_one_cm":892,"minecraft:sprint_one_cm":247955,"minecraft:walk_one_cm":451975,"minecraft:drop":79,"minecraft:play_time":135955,"minecraft:deaths":3,"minecraft:sneak_time":23525,"minecraft:walk_under_water_one_cm":19953,"minecraft:jump":1998,"minecraft:walk_on_water_one_cm":21000,"minecraft:total_world_time":135955,"tombstone:raider_killed":2,"minecraft:sleep_in_bed":9,"minecraft:time_since_rest":2713,"minecraft:damage_taken":6032,"minecraft:trigger_trapped_chest":3,"minecraft:damage_dealt":8471,"minecraft:swim_one_cm":22022,"minecraft:fly_one_cm":211092,"minecraft:open_chest":23,"minecraft:crouch_one_cm":23843,"tombstone:undead_killed":21,"minecraft:interact_with_smoker":4,"minecraft:fall_one_cm":81252},"minecraft:dropped":{"minecraft:cobblestone":6,"minecraft:golden_carrot":3,"minecraft:stone_button":4,"minecraft:melon_slice":64,"minecraft:golden_chestplate":1,"minecraft:rotten_flesh":1,"minecraft:wooden_pickaxe":1,"minecraft:dark_prismarine":1},"minecraft:picked_up":{"minecraft:crafting_table":2,"minecraft:wheat":1,"minecraft:chicken":5,"iceandfire:witherbone":10,"minecraft:lead":1,"minecraft:shroomlight":3,"mca:engagement_ring":1,"minecraft:beef":2,"minecraft:melon_slice":151,"minecraft:egg":2,"minecraft:phantom_membrane":1,"minecraft:raw_iron":7,"minecraft:stick":5,"naturalist:duck":2,"minecraft:porkchop":14,"minecraft:stone_button":4,"tombstone:grave_dust":4,"minecraft:golden_chestplate":1,"minecraft:rotten_flesh":2,"minecraft:diamond_boots":1,"minecraft:cyan_terracotta":29,"minecraft:saddle":1,"minecraft:mutton":3,"minecraft:white_wool":4,"minecraft:cobblestone":36,"minecraft:stripped_oak_log":13,"biomesoplenty:lavender":10,"minecraft:netherite_boots":1,"minecraft:feather":11,"minecraft:leather":3,"minecraft:birch_planks":1,"minecraft:potato":12,"minecraft:oak_log":74,"minecraft:gray_concrete":4,"minecraft:dirt":3,"minecraft:bone":22,"minecraft:acacia_planks":1,"minecraft:wheat_seeds":5,"minecraft:spruce_wood":1,"meadow:patched_wool":1,"minecraft:oak_planks":2,"minecraft:iron_sword":1,"biomesoplenty:mahogany_planks":9,"minecraft:stripped_acacia_wood":9,"minecraft:birch_stairs":2,"minecraft:white_bed":5,"naturalist:duck_egg":1,"minecraft:dark_prismarine":2,"biomesoplenty:mahogany_log":52,"minecraft:polished_andesite":1,"minecraft:slime_ball":5,"minecraft:diamond":18,"minecraft:iron_helmet":2,"minecraft:oak_sapling":6,"minecraft:coal":15},"minecraft:crafted":{"minecraft:oak_planks":348,"biomesoplenty:mahogany_planks":208,"minecraft:cooked_mutton":3,"minecraft:diamond_sword":1,"minecraft:diamond_axe":1,"minecraft:crafting_table":4,"minecraft:wooden_pickaxe":3,"iceandfire:wither_shard":3,"minecraft:stone_axe":1,"minecraft:air":0,"minecraft:diamond_pickaxe":1,"minecraft:stick":16,"minecraft:wooden_axe":1,"minecraft:white_bed":1,"minecraft:torch":12,"minecraft:diamond_chestplate":1},"minecraft:mined":{"minecraft:dark_oak_planks":7,"minecraft:dark_prismarine":1,"minecraft:white_bed":5,"biomesoplenty:desert_grass":1,"minecraft:grass_block":2,"biomesoplenty:flowering_oak_leaves":2,"minecraft:chiseled_stone_bricks":1,"minecraft:spawner":1,"minecraft:iron_ore":7,"biomesoplenty:lavender":1,"biomesoplenty:high_grass":1,"minecraft:shroomlight":2,"minecraft:vine":4,"minecraft:stripped_oak_log":13,"minecraft:spruce_wood":1,"minecraft:stone":36,"minecraft:white_wool":3,"minecraft:birch_stairs":2,"minecraft:gray_concrete":4,"minecraft:cyan_terracotta":25,"minecraft:crafting_table":2,"minecraft:melon":29,"biomesoplenty:mahogany_planks":8,"biomesoplenty:high_grass_plant":12,"minecraft:tall_grass":2,"minecraft:oak_planks":3,"minecraft:skeleton_skull":1,"minecraft:birch_planks":1,"biomesoplenty:mahogany_log":54,"minecraft:black_bed":1,"minecraft:grass":22,"minecraft:oak_log":6,"minecraft:coal_ore":11,"minecraft:dirt":1,"minecraft:acacia_planks":1,"minecraft:stripped_acacia_wood":9,"minecraft:polished_andesite":5,"minecraft:oak_leaves":1,"minecraft:fern":10},"minecraft:used":{"minecraft:beetroot":7,"biomesoplenty:mahogany_planks":102,"iceandfire:silver_sword":9,"minecraft:iron_sword":167,"minecraft:torch":12,"minecraft:dirt":2,"minecraft:carrot":3,"minecraft:obsidian":1,"minecraft:shroomlight":3,"minecraft:cyan_terracotta":1,"minecraft:spruce_wood":1,"minecraft:iron_helmet":1,"minecraft:diamond_chestplate":1,"naturalist:duck":2,"minecraft:golden_carrot":2,"minecraft:beef":2,"tombstone:gift":3,"minecraft:potato":9,"minecraft:cooked_mutton":3,"minecraft:glass_bottle":1,"minecraft:oak_planks":327,"minecraft:wooden_pickaxe":78,"minecraft:diamond_axe":22,"minecraft:crafting_table":6,"minecraft:white_bed":6,"minecraft:gray_concrete":3,"minecraft:diamond_pickaxe":23,"minecraft:bread":3,"minecraft:chicken":5,"minecraft:melon_slice":87,"tombstone:grave_key":1,"minecraft:stone_axe":104,"minecraft:diamond_sword":91,"minecraft:cobblestone":27,"minecraft:potion":1,"minecraft:porkchop":14,"minecraft:experience_bottle":9}},"DataVersion":3465}