{"stats":{"minecraft:custom":{"minecraft:time_since_rest":8837,"minecraft:sprint_one_cm":90125,"minecraft:damage_taken":673,"minecraft:walk_one_cm":146360,"minecraft:mob_kills":7,"minecraft:damage_dealt":762,"minecraft:swim_one_cm":4530,"minecraft:interact_with_crafting_table":2,"minecraft:fly_one_cm":82167,"minecraft:open_chest":1,"minecraft:crouch_one_cm":1254,"minecraft:play_time":35664,"minecraft:deaths":1,"minecraft:sneak_time":5898,"minecraft:walk_under_water_one_cm":8678,"minecraft:jump":602,"minecraft:walk_on_water_one_cm":11056,"minecraft:time_since_death":32970,"minecraft:sleep_in_bed":2,"minecraft:total_world_time":35664,"minecraft:fall_one_cm":15126},"minecraft:used":{"minecraft:beetroot":7,"minecraft:chicken":5,"minecraft:wooden_pickaxe":36,"minecraft:stone_axe":34,"minecraft:dirt":2,"minecraft:cobblestone":27,"minecraft:beef":2,"minecraft:crafting_table":1,"minecraft:carrot":3,"tombstone:gift":1,"minecraft:white_bed":1},"minecraft:picked_up":{"biomesoplenty:lavender":10,"minecraft:stripped_oak_log":13,"minecraft:crafting_table":1,"minecraft:feather":10,"minecraft:chicken":5,"minecraft:leather":2,"minecraft:oak_log":4,"minecraft:white_bed":2,"minecraft:dirt":2,"minecraft:wheat_seeds":4,"minecraft:beef":2,"meadow:patched_wool":1,"minecraft:melon_slice":47,"minecraft:mutton":3,"minecraft:white_wool":1,"minecraft:cobblestone":36},"minecraft:mined":{"minecraft:white_bed":2,"biomesoplenty:lavender":1,"biomesoplenty:desert_grass":1,"minecraft:black_bed":1,"minecraft:crafting_table":1,"minecraft:grass":17,"minecraft:grass_block":1,"minecraft:oak_log":4,"minecraft:melon":11,"biomesoplenty:flowering_oak_leaves":2,"minecraft:dirt":1,"minecraft:stripped_oak_log":13,"biomesoplenty:high_grass_plant":5,"minecraft:tall_grass":1,"minecraft:stone":36,"minecraft:oak_leaves":1,"minecraft:fern":2},"minecraft:crafted":{"minecraft:oak_planks":68,"minecraft:crafting_table":1,"minecraft:stick":4,"minecraft:wooden_pickaxe":1,"minecraft:stone_axe":1},"minecraft:killed":{"minecraft:sheep":1,"naturalist:bass":1,"bloomingnature:turkey":5}},"DataVersion":3465}