{"stats":{"minecraft:custom":{"minecraft:time_since_rest":2023,"minecraft:crouch_one_cm":306,"minecraft:play_time":5664,"minecraft:sprint_one_cm":10976,"minecraft:walk_one_cm":11917,"minecraft:damage_taken":320,"minecraft:deaths":1,"minecraft:sneak_time":910,"minecraft:walk_under_water_one_cm":183,"minecraft:jump":89,"minecraft:damage_dealt":48,"minecraft:time_since_death":2970,"minecraft:walk_on_water_one_cm":1983,"minecraft:total_world_time":5664,"minecraft:swim_one_cm":1473,"minecraft:fall_one_cm":2266,"minecraft:fly_one_cm":19434},"minecraft:used":{"minecraft:dirt":2},"minecraft:picked_up":{"minecraft:wheat_seeds":1,"minecraft:dirt":2},"minecraft:mined":{"minecraft:grass":10,"minecraft:grass_block":1,"minecraft:dirt":1,"biomesoplenty:high_grass_plant":5,"minecraft:tall_grass":1}},"DataVersion":3465}