{"stats":{"minecraft:custom":{"minecraft:time_since_rest":3970,"minecraft:crouch_one_cm":680,"minecraft:play_time":17664,"minecraft:sprint_one_cm":53908,"minecraft:walk_one_cm":54883,"minecraft:damage_taken":360,"minecraft:deaths":1,"minecraft:sneak_time":5492,"minecraft:walk_under_water_one_cm":6218,"minecraft:mob_kills":1,"minecraft:jump":182,"minecraft:damage_dealt":188,"minecraft:time_since_death":14970,"minecraft:walk_on_water_one_cm":4513,"minecraft:sleep_in_bed":1,"minecraft:total_world_time":17664,"minecraft:swim_one_cm":2594,"minecraft:fall_one_cm":3520,"minecraft:fly_one_cm":38546},"minecraft:used":{"minecraft:dirt":2,"tombstone:gift":1},"minecraft:picked_up":{"minecraft:stripped_oak_log":13,"biomesoplenty:lavender":9,"minecraft:wheat_seeds":2,"minecraft:white_bed":1,"minecraft:dirt":2},"minecraft:mined":{"minecraft:grass":12,"minecraft:grass_block":1,"minecraft:white_bed":1,"minecraft:dirt":1,"minecraft:stripped_oak_log":13,"biomesoplenty:high_grass_plant":5,"minecraft:tall_grass":1,"minecraft:black_bed":1},"minecraft:killed":{"naturalist:bass":1},"minecraft:crafted":{"minecraft:oak_planks":52}},"DataVersion":3465}