{"stats":{"minecraft:broken":{"minecraft:stone_axe":1,"minecraft:wooden_axe":1},"minecraft:killed":{"bloomingnature:deer":1,"minecraft:slime":1,"bloomingnature:turkey":5,"naturalist:duck":2,"minecraft:phantom":2,"minecraft:skeleton":2,"minecraft:horse":6,"naturalist:bass":1,"minecraft:pig":1,"naturalist:bear":1,"naturalist:snake":1,"minecraft:hoglin":2,"minecraft:sheep":2,"minecraft:goat":1,"minecraft:zombie":3,"iceandfire:ghost":1,"minecraft:wither_skeleton":16,"minecraft:cow":9},"minecraft:custom":{"minecraft:mob_kills":57,"minecraft:interact_with_crafting_table":24,"minecraft:open_barrel":7,"minecraft:leave_game":3,"minecraft:time_since_death":61701,"minecraft:climb_one_cm":892,"minecraft:sprint_one_cm":313850,"minecraft:walk_one_cm":618687,"minecraft:drop":87,"minecraft:play_time":202566,"minecraft:deaths":5,"minecraft:sneak_time":23986,"minecraft:walk_under_water_one_cm":22037,"minecraft:jump":2670,"minecraft:walk_on_water_one_cm":25197,"minecraft:total_world_time":202566,"minecraft:interact_with_furnace":16,"tombstone:raider_killed":2,"minecraft:sleep_in_bed":13,"minecraft:time_since_rest":27418,"minecraft:damage_taken":7184,"minecraft:trigger_trapped_chest":3,"minecraft:damage_dealt":11560,"minecraft:swim_one_cm":26051,"minecraft:fly_one_cm":320274,"minecraft:open_chest":60,"minecraft:crouch_one_cm":27686,"tombstone:undead_killed":24,"minecraft:interact_with_smoker":4,"minecraft:fall_one_cm":102017,"minecraft:horse_one_cm":1395912},"minecraft:dropped":{"minecraft:wheat_seeds":4,"minecraft:cobblestone":6,"minecraft:leather":5,"minecraft:golden_carrot":3,"minecraft:stone_button":4,"minecraft:melon_slice":64,"naturalist:duck_egg":1,"minecraft:golden_chestplate":1,"minecraft:rotten_flesh":1,"minecraft:poppy":2,"minecraft:iron_bars":2,"minecraft:wooden_pickaxe":1,"minecraft:beef":14,"minecraft:dark_prismarine":1,"minecraft:egg":1},"minecraft:picked_up":{"minecraft:crafting_table":3,"minecraft:wheat":1,"iceandfire:witherbone":10,"minecraft:chicken":5,"minecraft:lead":1,"minecraft:oak_stairs":2,"minecraft:diamond_horse_armor":1,"minecraft:red_bed":1,"minecraft:shroomlight":3,"mca:engagement_ring":1,"minecraft:beef":30,"minecraft:poppy":2,"minecraft:melon_slice":151,"minecraft:phantom_membrane":1,"minecraft:egg":4,"minecraft:stick":5,"minecraft:raw_iron":7,"naturalist:duck":2,"minecraft:porkchop":14,"minecraft:stone_button":4,"tombstone:grave_dust":4,"minecraft:golden_chestplate":1,"minecraft:rotten_flesh":3,"minecraft:arrow":2,"minecraft:diamond_boots":1,"minecraft:cyan_terracotta":29,"minecraft:saddle":1,"minecraft:gold_ingot":1,"minecraft:mutton":5,"minecraft:iron_bars":3,"minecraft:white_wool":5,"minecraft:cobblestone":51,"biomesoplenty:lavender":10,"minecraft:stripped_oak_log":13,"minecraft:netherite_boots":1,"minecraft:feather":11,"minecraft:leather":13,"minecraft:potato":12,"minecraft:birch_planks":1,"minecraft:oak_log":74,"minecraft:gray_concrete":4,"minecraft:dirt":3,"minecraft:bone":23,"minecraft:acacia_planks":1,"minecraft:wheat_seeds":12,"minecraft:spruce_wood":1,"minecraft:iron_ingot":4,"meadow:patched_wool":1,"minecraft:iron_sword":1,"minecraft:oak_planks":4,"biomesoplenty:mahogany_planks":9,"minecraft:oak_slab":1,"minecraft:stripped_acacia_wood":9,"minecraft:birch_stairs":2,"minecraft:sand":23,"minecraft:white_bed":5,"naturalist:duck_egg":2,"minecraft:dark_prismarine":2,"biomesoplenty:mahogany_log":52,"minecraft:polished_andesite":1,"minecraft:slime_ball":5,"minecraft:diamond":18,"minecraft:iron_helmet":2,"minecraft:oak_sapling":6,"minecraft:coal":15},"minecraft:crafted":{"minecraft:oak_planks":348,"biomesoplenty:mahogany_planks":208,"minecraft:diamond_shovel":1,"minecraft:cooked_mutton":3,"minecraft:glass":12,"travelersbackpack:white_sleeping_bag":1,"minecraft:chest":1,"minecraft:diamond_sword":1,"minecraft:diamond_axe":1,"minecraft:crafting_table":5,"travelersbackpack:backpack_tank":2,"minecraft:wooden_pickaxe":3,"travelersbackpack:standard":1,"iceandfire:wither_shard":3,"minecraft:stone_axe":1,"minecraft:air":0,"minecraft:diamond_pickaxe":1,"minecraft:stick":20,"minecraft:wooden_axe":1,"minecraft:white_bed":1,"minecraft:torch":12,"minecraft:diamond_chestplate":1},"minecraft:mined":{"minecraft:dark_oak_planks":7,"minecraft:dark_prismarine":1,"minecraft:white_bed":5,"biomesoplenty:desert_grass":1,"minecraft:grass_block":9,"biomesoplenty:flowering_oak_leaves":2,"minecraft:chiseled_stone_bricks":1,"minecraft:spawner":1,"minecraft:iron_ore":7,"biomesoplenty:lavender":1,"biomesoplenty:high_grass":1,"minecraft:shroomlight":2,"minecraft:vine":4,"minecraft:oak_stairs":2,"minecraft:iron_bars":4,"minecraft:stripped_oak_log":13,"minecraft:spruce_wood":1,"minecraft:stone":51,"minecraft:white_wool":3,"minecraft:oak_slab":1,"minecraft:birch_stairs":2,"minecraft:gray_concrete":4,"minecraft:cyan_terracotta":25,"minecraft:red_bed":1,"minecraft:crafting_table":3,"minecraft:melon":29,"biomesoplenty:mahogany_planks":8,"biomesoplenty:high_grass_plant":12,"minecraft:tall_grass":6,"minecraft:oak_planks":4,"minecraft:skeleton_skull":1,"minecraft:birch_planks":1,"biomesoplenty:mahogany_log":54,"minecraft:black_bed":1,"minecraft:grass":32,"biomesoplenty:clover":5,"minecraft:oak_log":6,"minecraft:coal_ore":11,"minecraft:sand":23,"minecraft:dirt":4,"minecraft:acacia_planks":1,"minecraft:stripped_acacia_wood":9,"minecraft:polished_andesite":5,"minecraft:oak_leaves":1,"minecraft:fern":10},"minecraft:used":{"minecraft:beetroot":7,"biomesoplenty:mahogany_planks":106,"minecraft:iron_bars":1,"iceandfire:silver_sword":9,"minecraft:iron_sword":167,"minecraft:torch":12,"minecraft:dirt":2,"minecraft:carrot":3,"minecraft:obsidian":1,"minecraft:shroomlight":3,"minecraft:cyan_terracotta":1,"minecraft:spruce_wood":1,"minecraft:iron_helmet":1,"minecraft:diamond_chestplate":1,"naturalist:duck":2,"minecraft:golden_carrot":2,"minecraft:beef":2,"tombstone:gift":6,"minecraft:egg":2,"minecraft:potato":9,"minecraft:cooked_mutton":3,"minecraft:glass_bottle":1,"minecraft:oak_planks":327,"minecraft:wooden_pickaxe":78,"minecraft:diamond_axe":27,"minecraft:crafting_table":7,"minecraft:white_bed":6,"minecraft:gray_concrete":3,"minecraft:diamond_pickaxe":42,"minecraft:apple":2,"minecraft:diamond_shovel":33,"minecraft:chicken":5,"minecraft:bread":14,"minecraft:melon_slice":87,"tombstone:grave_key":2,"minecraft:stone_axe":104,"minecraft:diamond_sword":163,"minecraft:cobblestone":35,"minecraft:potion":1,"travelersbackpack:standard":2,"minecraft:porkchop":14,"minecraft:experience_bottle":9}},"DataVersion":3465}