{"stats":{"minecraft:custom":{"minecraft:time_since_rest":49161,"minecraft:interact_with_furnace":2,"minecraft:sprint_one_cm":57284,"minecraft:walk_one_cm":81987,"minecraft:mob_kills":2,"minecraft:drop":15,"minecraft:damage_dealt":300,"minecraft:talked_to_villager":2,"minecraft:fly_one_cm":1141799,"minecraft:open_barrel":5,"minecraft:open_chest":59,"minecraft:crouch_one_cm":4322,"minecraft:play_time":49161,"tombstone:undead_killed":1,"minecraft:sneak_time":3073,"minecraft:walk_under_water_one_cm":7006,"minecraft:jump":516,"minecraft:interact_with_blast_furnace":1,"minecraft:leave_game":1,"minecraft:walk_on_water_one_cm":1220,"minecraft:time_since_death":49161,"minecraft:interact_with_smoker":1,"minecraft:climb_one_cm":3596,"minecraft:total_world_time":49161,"minecraft:fall_one_cm":209},"minecraft:killed":{"minecraft:zombified_piglin":1},"minecraft:picked_up":{"iceandfire:witherbone":1,"minecraft:tripwire_hook":2,"minecraft:mushroom_stew":2,"minecraft:cake":2,"minecraft:spruce_sapling":1,"minecraft:carrot":2,"minecraft:bone":1,"minecraft:arrow":2,"minecraft:beetroot":6,"minecraft:apple":4,"minecraft:pumpkin_pie":4,"minecraft:wheat_seeds":1,"minecraft:bread":4},"minecraft:dropped":{"naturalist:snake_spawn_egg":64,"naturalist:firefly_spawn_egg":64,"naturalist:rattlesnake_spawn_egg":64,"naturalist:butterfly_spawn_egg":64},"minecraft:used":{"iceandfire:hippogryph_skull":1,"naturalist:bluejay_spawn_egg":1,"naturalist:snail_spawn_egg":1,"minecraft:flint_and_steel":3,"minecraft:map":52,"minecraft:smooth_quartz":3,"naturalist:firefly_spawn_egg":1,"naturalist:snake_spawn_egg":1,"naturalist:butterfly_spawn_egg":3,"minecraft:golden_sword":4,"minecraft:fishing_rod":2,"naturalist:coral_snake_spawn_egg":2,"naturalist:deer_spawn_egg":1,"naturalist:hippo_spawn_egg":1,"naturalist:bear_spawn_egg":1,"naturalist:rattlesnake_spawn_egg":1,"minecraft:obsidian":36}},"DataVersion":3465}