{"stats":{"minecraft:custom":{"minecraft:open_barrel":1,"minecraft:time_since_rest":720,"minecraft:open_chest":13,"minecraft:crouch_one_cm":1590,"minecraft:play_time":17796,"minecraft:sprint_one_cm":58634,"minecraft:walk_one_cm":46287,"minecraft:damage_taken":925,"minecraft:deaths":3,"minecraft:sneak_time":673,"minecraft:trigger_trapped_chest":1,"minecraft:walk_under_water_one_cm":276,"minecraft:mob_kills":1,"minecraft:jump":645,"minecraft:damage_dealt":188,"minecraft:time_since_death":1116,"minecraft:walk_on_water_one_cm":1737,"minecraft:total_world_time":17796,"minecraft:fall_one_cm":18840,"minecraft:swim_one_cm":5905,"minecraft:interact_with_crafting_table":1,"minecraft:fly_one_cm":143266},"minecraft:picked_up":{"minecraft:charcoal":2,"minecraft:green_bed":1,"minecraft:sand":1},"minecraft:mined":{"minecraft:vine":2,"minecraft:tall_grass":1,"minecraft:green_bed":1},"minecraft:used":{"minecraft:sand":9,"tombstone:gift":2,"minecraft:sandstone":34,"minecraft:potato":19,"minecraft:green_bed":1}},"DataVersion":3465}