{"stats":{"minecraft:dropped":{"minecraft:water_bucket":1,"minecraft:bread":1,"minecraft:iron_sword":1,"minecraft:wheat":1,"minecraft:iron_helmet":1,"minecraft:iron_leggings":1,"minecraft:apple":4,"minecraft:iron_horse_armor":1,"minecraft:orange_bed":2,"minecraft:carrot":38},"minecraft:picked_up":{"minecraft:stick":1,"minecraft:crafting_table":1,"minecraft:wheat":8,"minecraft:potato":20,"minecraft:pointed_dripstone":10,"minecraft:carrot":108,"minecraft:string":2,"minecraft:orange_bed":5,"minecraft:beetroot":1,"minecraft:beetroot_seeds":6,"minecraft:wheat_seeds":23,"minecraft:oak_sapling":1,"minecraft:glow_berries":1,"minecraft:iron_sword":1,"minecraft:skeleton_skull":1},"minecraft:mined":{"minecraft:skeleton_skull":1,"minecraft:carrots":34,"minecraft:wheat":9,"minecraft:crafting_table":1,"minecraft:grass":2,"minecraft:potatoes":5,"minecraft:cave_vines":1,"biomesoplenty:mahogany_leaves":7,"minecraft:beetroots":4,"minecraft:oak_leaves":2,"minecraft:tripwire":2,"minecraft:orange_bed":4},"minecraft:used":{"minecraft:beetroot":1,"minecraft:water_bucket":4,"minecraft:iron_sword":10,"minecraft:orange_bed":2,"minecraft:carrot":30,"minecraft:bucket":4,"minecraft:potato":5},"minecraft:custom":{"minecraft:time_since_rest":11777,"minecraft:sprint_one_cm":92635,"minecraft:damage_taken":1962,"minecraft:walk_one_cm":97827,"minecraft:trigger_trapped_chest":1,"minecraft:drop":12,"minecraft:damage_dealt":16,"minecraft:swim_one_cm":4977,"minecraft:fly_one_cm":122135,"minecraft:open_barrel":3,"minecraft:open_chest":18,"minecraft:crouch_one_cm":9103,"minecraft:play_time":29457,"minecraft:interact_with_loom":1,"minecraft:sneak_time":3171,"minecraft:walk_under_water_one_cm":623,"minecraft:pot_flower":1,"minecraft:jump":529,"minecraft:leave_game":1,"minecraft:walk_on_water_one_cm":1273,"minecraft:time_since_death":29457,"minecraft:sleep_in_bed":1,"minecraft:total_world_time":29457,"minecraft:climb_one_cm":1017,"minecraft:fall_one_cm":31561}},"DataVersion":3465}