{"stats":{"minecraft:custom":{"minecraft:interact_with_furnace":2,"minecraft:mob_kills":7,"minecraft:interact_with_crafting_table":5,"minecraft:time_since_death":2302,"minecraft:sleep_in_bed":5,"minecraft:climb_one_cm":163,"minecraft:time_since_rest":2112,"minecraft:sprint_one_cm":141798,"minecraft:damage_taken":4160,"minecraft:walk_one_cm":208013,"minecraft:drop":15,"minecraft:damage_dealt":867,"minecraft:talked_to_villager":1,"minecraft:swim_one_cm":16781,"minecraft:fly_one_cm":337199,"minecraft:open_chest":18,"tombstone:undead_killed":2,"minecraft:crouch_one_cm":4229,"minecraft:play_time":59752,"minecraft:deaths":5,"minecraft:sneak_time":2425,"minecraft:walk_under_water_one_cm":10775,"minecraft:jump":2408,"minecraft:interact_with_blast_furnace":1,"minecraft:walk_on_water_one_cm":9439,"minecraft:total_world_time":59752,"minecraft:fall_one_cm":76077},"minecraft:killed_by":{"minecraft:wither_skeleton":1},"minecraft:used":{"minecraft:stone_sword":12,"minecraft:oak_planks":213,"minecraft:chest":2,"minecraft:wooden_pickaxe":8,"naturalist:duck_egg":2,"minecraft:crafting_table":3,"minecraft:red_bed":7,"minecraft:carrot":2,"minecraft:wooden_axe":17,"minecraft:apple":2,"minecraft:melon_slice":10,"minecraft:bread":2,"minecraft:iron_pickaxe":33,"tombstone:grave_key":5,"ecologics:coconut_slice":6,"minecraft:potato":13},"minecraft:dropped":{"minecraft:white_bed":1,"minecraft:hay_block":3,"minecraft:oak_sapling":2,"ecologics:coconut_husk":10,"minecraft:paper":1},"minecraft:broken":{"minecraft:wooden_axe":2},"minecraft:picked_up":{"biomesoplenty:lavender":3,"minecraft:crafting_table":1,"minecraft:wheat":15,"iceandfire:witherbone":1,"ecologics:coconut_planks":4,"minecraft:leather":2,"minecraft:potato":13,"minecraft:oak_log":95,"minecraft:string":2,"minecraft:red_bed":8,"minecraft:item_frame":1,"biomesoplenty:tall_lavender":1,"minecraft:beetroot":6,"minecraft:wheat_seeds":49,"minecraft:beef":4,"minecraft:rose_bush":1,"minecraft:melon_slice":104,"minecraft:chest":2,"minecraft:oak_planks":91,"minecraft:egg":3,"minecraft:stick":2,"ecologics:coconut_slice":6,"minecraft:poisonous_potato":1,"ecologics:coconut_husk":4,"minecraft:blast_furnace":1,"minecraft:white_bed":1,"minecraft:carrot":56,"naturalist:duck_egg":2,"minecraft:stone_sword":1,"minecraft:beetroot_seeds":12,"ecologics:coconut_log":3,"minecraft:hay_block":3,"minecraft:oak_sapling":2,"minecraft:dark_oak_fence":4},"minecraft:mined":{"minecraft:white_bed":1,"minecraft:red_bed":8,"minecraft:crafting_table":1,"minecraft:dark_oak_fence":6,"minecraft:blast_furnace":1,"minecraft:melon":20,"minecraft:chest":2,"minecraft:rose_bush":1,"biomesoplenty:high_grass_plant":7,"ecologics:coconut_log":2,"minecraft:large_fern":1,"biomesoplenty:tall_lavender":1,"minecraft:carrots":22,"bloomingnature:mountain_laurel":1,"minecraft:wheat":17,"biomesoplenty:lavender":4,"minecraft:bee_nest":1,"minecraft:grass":11,"minecraft:potatoes":5,"minecraft:oak_log":10,"biomesoplenty:high_grass":6,"minecraft:beetroots":6,"minecraft:oak_leaves":1,"minecraft:fern":15},"minecraft:killed":{"bloomingnature:deer":1,"minecraft:spider":1,"minecraft:zombie":2,"minecraft:cow":2,"bloomingnature:pelican":1},"minecraft:crafted":{"minecraft:oak_planks":380,"minecraft:crafting_table":2,"ecologics:coconut_planks":4,"minecraft:wooden_pickaxe":1,"minecraft:stick":8,"minecraft:iron_ingot":2,"minecraft:iron_pickaxe":1,"minecraft:wooden_axe":2,"minecraft:chest":2}},"DataVersion":3465}