{"stats":{"minecraft:custom":{"minecraft:time_since_rest":60156,"minecraft:interact_with_furnace":2,"minecraft:sprint_one_cm":73118,"minecraft:damage_taken":60,"minecraft:walk_one_cm":106818,"minecraft:mob_kills":3,"minecraft:drop":16,"minecraft:damage_dealt":521,"minecraft:swim_one_cm":680,"minecraft:talked_to_villager":3,"minecraft:fly_one_cm":1326214,"minecraft:open_barrel":9,"minecraft:open_chest":79,"minecraft:crouch_one_cm":4917,"minecraft:play_time":60156,"tombstone:undead_killed":1,"minecraft:sneak_time":3447,"minecraft:walk_under_water_one_cm":7895,"minecraft:jump":664,"minecraft:interact_with_blast_furnace":1,"minecraft:leave_game":2,"minecraft:walk_on_water_one_cm":2366,"minecraft:time_since_death":60156,"minecraft:interact_with_smoker":1,"minecraft:climb_one_cm":3596,"minecraft:total_world_time":60156,"minecraft:fall_one_cm":3751},"minecraft:killed":{"minecraft:piglin":1,"minecraft:zombified_piglin":1},"minecraft:picked_up":{"iceandfire:witherbone":1,"minecraft:tripwire_hook":2,"minecraft:mushroom_stew":2,"minecraft:cake":2,"minecraft:spruce_sapling":1,"minecraft:carrot":2,"minecraft:bone":1,"minecraft:arrow":4,"minecraft:beetroot":6,"minecraft:apple":4,"minecraft:pumpkin_pie":4,"minecraft:wheat_seeds":1,"minecraft:bread":4,"iceandfire:gorgon_head":1},"minecraft:dropped":{"naturalist:snake_spawn_egg":64,"naturalist:firefly_spawn_egg":64,"naturalist:rattlesnake_spawn_egg":64,"naturalist:butterfly_spawn_egg":64,"iceandfire:gorgon_head":1},"minecraft:mined":{"minecraft:light_gray_stained_glass_pane":2,"minecraft:grass":1,"minecraft:tall_grass":1},"minecraft:used":{"iceandfire:hippogryph_skull":1,"naturalist:bluejay_spawn_egg":1,"naturalist:snail_spawn_egg":1,"minecraft:flint_and_steel":3,"bloomingnature:stripped_fir_wood":3,"minecraft:map":52,"minecraft:iron_sword":4,"minecraft:smooth_quartz":3,"naturalist:firefly_spawn_egg":1,"naturalist:snake_spawn_egg":1,"naturalist:butterfly_spawn_egg":3,"minecraft:golden_sword":4,"minecraft:fishing_rod":2,"naturalist:coral_snake_spawn_egg":2,"naturalist:deer_spawn_egg":1,"naturalist:hippo_spawn_egg":1,"naturalist:bear_spawn_egg":1,"naturalist:rattlesnake_spawn_egg":1,"minecraft:obsidian":36}},"DataVersion":3465}