{"stats":{"minecraft:dropped":{"minecraft:water_bucket":1,"minecraft:bread":1,"minecraft:iron_sword":1,"minecraft:wheat_seeds":2,"minecraft:wheat":1,"minecraft:oak_sapling":1,"minecraft:jungle_fence":1,"minecraft:iron_helmet":1,"minecraft:iron_leggings":1,"minecraft:apple":4,"minecraft:iron_horse_armor":1,"minecraft:orange_bed":2,"minecraft:carrot":38},"minecraft:picked_up":{"minecraft:stick":1,"minecraft:crafting_table":1,"minecraft:wheat":8,"minecraft:jungle_fence":1,"minecraft:potato":20,"minecraft:sand":1,"minecraft:pointed_dripstone":10,"minecraft:carrot":108,"bloomingnature:beach_grass":1,"minecraft:string":2,"minecraft:orange_bed":8,"minecraft:beetroot":1,"minecraft:beetroot_seeds":6,"minecraft:wheat_seeds":23,"minecraft:oak_sapling":1,"minecraft:glow_berries":1,"minecraft:iron_sword":1,"minecraft:skeleton_skull":1,"minecraft:feather":2,"minecraft:egg":1},"minecraft:mined":{"minecraft:skeleton_skull":1,"minecraft:carrots":34,"minecraft:wheat":9,"minecraft:birch_leaves":1,"minecraft:jungle_fence":1,"minecraft:crafting_table":1,"bloomingnature:aspen_leaves":8,"minecraft:grass":3,"minecraft:potatoes":5,"bloomingnature:beach_grass":1,"minecraft:vine":1,"minecraft:cave_vines":1,"biomesoplenty:mahogany_leaves":7,"minecraft:beetroots":4,"minecraft:sand":9,"minecraft:oak_planks":1,"bloomingnature:quicksand":2,"minecraft:oak_leaves":2,"minecraft:tripwire":2,"minecraft:orange_bed":8},"minecraft:used":{"minecraft:beetroot":1,"minecraft:water_bucket":5,"minecraft:iron_sword":10,"minecraft:sand":1,"minecraft:orange_bed":5,"minecraft:carrot":57,"minecraft:bucket":5,"minecraft:potato":7},"minecraft:custom":{"minecraft:interact_with_smithing_table":1,"minecraft:time_since_rest":3593,"minecraft:sprint_one_cm":168034,"minecraft:damage_taken":2551,"minecraft:walk_one_cm":175707,"minecraft:trigger_trapped_chest":1,"minecraft:drop":16,"minecraft:damage_dealt":23,"minecraft:swim_one_cm":21934,"minecraft:fly_one_cm":330030,"minecraft:deaths":1,"minecraft:open_barrel":3,"minecraft:open_chest":27,"minecraft:crouch_one_cm":11502,"minecraft:play_time":59972,"minecraft:interact_with_loom":1,"minecraft:sneak_time":4290,"minecraft:walk_under_water_one_cm":7651,"minecraft:pot_flower":1,"minecraft:jump":1788,"minecraft:leave_game":2,"minecraft:walk_on_water_one_cm":14001,"minecraft:time_since_death":3994,"minecraft:sleep_in_bed":3,"minecraft:total_world_time":59972,"minecraft:climb_one_cm":1285,"minecraft:fall_one_cm":56371}},"DataVersion":3465}