{"stats":{"minecraft:custom":{"minecraft:jump":126,"minecraft:time_since_rest":5748,"minecraft:damage_dealt":10,"minecraft:crouch_one_cm":415,"minecraft:sprint_one_cm":10340,"minecraft:play_time":5748,"minecraft:time_since_death":5748,"minecraft:walk_one_cm":6311,"minecraft:sneak_time":248,"minecraft:total_world_time":5748,"minecraft:fall_one_cm":209,"minecraft:fly_one_cm":107966,"minecraft:open_chest":1},"minecraft:used":{"naturalist:coral_snake_spawn_egg":1,"naturalist:deer_spawn_egg":1,"naturalist:butterfly_spawn_egg":1,"naturalist:bear_spawn_egg":1,"naturalist:rattlesnake_spawn_egg":1,"naturalist:bluejay_spawn_egg":1,"naturalist:snail_spawn_egg":1,"naturalist:firefly_spawn_egg":1,"naturalist:snake_spawn_egg":1}},"DataVersion":3465}