{"stats":{"minecraft:custom":{"minecraft:open_chest":6,"minecraft:time_since_rest":3970,"minecraft:interact_with_furnace":2,"minecraft:crouch_one_cm":187,"minecraft:walk_one_cm":56293,"minecraft:play_time":17752,"minecraft:sprint_one_cm":57365,"minecraft:damage_taken":120,"minecraft:sneak_time":161,"minecraft:walk_under_water_one_cm":1568,"minecraft:drop":9,"minecraft:jump":1193,"minecraft:time_since_death":17752,"minecraft:walk_on_water_one_cm":1186,"minecraft:sleep_in_bed":2,"minecraft:climb_one_cm":163,"minecraft:total_world_time":17752,"minecraft:swim_one_cm":7516,"minecraft:fall_one_cm":18284,"minecraft:fly_one_cm":160359},"minecraft:used":{"ecologics:coconut_slice":4,"minecraft:apple":1,"minecraft:red_bed":2,"minecraft:bread":2,"minecraft:potato":12},"minecraft:dropped":{"minecraft:white_bed":1,"ecologics:coconut_husk":8},"minecraft:picked_up":{"ecologics:coconut_slice":4,"minecraft:wheat_seeds":1,"ecologics:coconut_log":1,"ecologics:coconut_husk":4,"minecraft:oak_log":10,"minecraft:white_bed":1,"minecraft:red_bed":2},"minecraft:mined":{"minecraft:large_fern":1,"minecraft:grass":5,"minecraft:oak_log":10,"biomesoplenty:high_grass":6,"minecraft:white_bed":1,"minecraft:red_bed":2,"biomesoplenty:high_grass_plant":7,"bloomingnature:mountain_laurel":1,"ecologics:coconut_log":1,"minecraft:oak_leaves":1,"minecraft:bee_nest":1,"minecraft:fern":1},"minecraft:crafted":{"minecraft:oak_planks":40,"minecraft:crafting_table":1}},"DataVersion":3465}