{"stats":{"minecraft:dropped":{"minecraft:water_bucket":1,"minecraft:bread":1,"minecraft:iron_sword":1,"minecraft:wheat":1,"minecraft:iron_helmet":1,"minecraft:iron_leggings":1,"minecraft:apple":4,"minecraft:iron_horse_armor":1,"minecraft:orange_bed":2,"minecraft:carrot":6},"minecraft:picked_up":{"minecraft:stick":1,"minecraft:wheat":8,"minecraft:potato":20,"minecraft:carrot":108,"minecraft:orange_bed":3,"minecraft:beetroot":1,"minecraft:beetroot_seeds":6,"minecraft:wheat_seeds":23,"minecraft:iron_sword":1},"minecraft:mined":{"minecraft:carrots":34,"minecraft:wheat":9,"minecraft:grass":2,"minecraft:potatoes":5,"biomesoplenty:mahogany_leaves":7,"minecraft:beetroots":4,"minecraft:orange_bed":2},"minecraft:used":{"minecraft:water_bucket":3,"minecraft:iron_sword":8,"minecraft:carrot":15,"minecraft:bucket":3,"minecraft:potato":1},"minecraft:custom":{"minecraft:time_since_rest":17457,"minecraft:sprint_one_cm":48974,"minecraft:damage_taken":1661,"minecraft:walk_one_cm":43267,"minecraft:drop":11,"minecraft:damage_dealt":16,"minecraft:swim_one_cm":1185,"minecraft:fly_one_cm":73687,"minecraft:open_barrel":2,"minecraft:open_chest":16,"minecraft:crouch_one_cm":9019,"minecraft:play_time":17457,"minecraft:interact_with_loom":1,"minecraft:sneak_time":3160,"minecraft:walk_under_water_one_cm":340,"minecraft:pot_flower":1,"minecraft:jump":328,"minecraft:leave_game":1,"minecraft:walk_on_water_one_cm":1025,"minecraft:time_since_death":17457,"minecraft:total_world_time":17457,"minecraft:climb_one_cm":1017,"minecraft:fall_one_cm":24978}},"DataVersion":3465}