{"stats":{"minecraft:dropped":{"minecraft:water_bucket":1,"minecraft:bread":1,"minecraft:iron_sword":1,"minecraft:wheat_seeds":2,"minecraft:wheat":1,"minecraft:iron_helmet":1,"minecraft:iron_leggings":1,"minecraft:apple":4,"minecraft:iron_horse_armor":1,"minecraft:orange_bed":2,"minecraft:carrot":38},"minecraft:picked_up":{"minecraft:stick":1,"minecraft:crafting_table":1,"minecraft:wheat":8,"minecraft:jungle_fence":1,"minecraft:potato":20,"minecraft:pointed_dripstone":10,"minecraft:carrot":108,"minecraft:string":2,"minecraft:orange_bed":8,"minecraft:beetroot":1,"minecraft:beetroot_seeds":6,"minecraft:wheat_seeds":23,"minecraft:oak_sapling":1,"minecraft:glow_berries":1,"minecraft:iron_sword":1,"minecraft:skeleton_skull":1,"minecraft:egg":1},"minecraft:mined":{"minecraft:skeleton_skull":1,"minecraft:carrots":34,"minecraft:wheat":9,"minecraft:jungle_fence":1,"minecraft:crafting_table":1,"minecraft:grass":3,"minecraft:potatoes":5,"minecraft:vine":1,"minecraft:cave_vines":1,"biomesoplenty:mahogany_leaves":7,"minecraft:beetroots":4,"minecraft:oak_planks":1,"minecraft:oak_leaves":2,"minecraft:tripwire":2,"minecraft:orange_bed":8},"minecraft:used":{"minecraft:beetroot":1,"minecraft:water_bucket":5,"minecraft:iron_sword":10,"minecraft:orange_bed":5,"minecraft:carrot":55,"minecraft:bucket":5,"minecraft:potato":5},"minecraft:custom":{"minecraft:interact_with_smithing_table":1,"minecraft:time_since_rest":6610,"minecraft:sprint_one_cm":159201,"minecraft:damage_taken":2271,"minecraft:walk_one_cm":158737,"minecraft:trigger_trapped_chest":1,"minecraft:drop":14,"minecraft:damage_dealt":23,"minecraft:swim_one_cm":19538,"minecraft:fly_one_cm":311971,"minecraft:open_barrel":3,"minecraft:open_chest":26,"minecraft:crouch_one_cm":10903,"minecraft:play_time":53457,"minecraft:interact_with_loom":1,"minecraft:sneak_time":4025,"minecraft:walk_under_water_one_cm":6780,"minecraft:pot_flower":1,"minecraft:jump":1399,"minecraft:leave_game":1,"minecraft:walk_on_water_one_cm":11226,"minecraft:time_since_death":53457,"minecraft:sleep_in_bed":3,"minecraft:total_world_time":53457,"minecraft:climb_one_cm":1167,"minecraft:fall_one_cm":53759}},"DataVersion":3465}