{"stats":{"minecraft:used":{"minecraft:netherite_sword":25,"minecraft:diorite_wall":2},"minecraft:picked_up":{"minecraft:orange_terracotta":2,"minecraft:stick":1,"minecraft:light_gray_terracotta":1,"minecraft:diorite_wall":1,"minecraft:cactus":6,"minecraft:brown_terracotta":2,"minecraft:torch":3,"minecraft:sandstone_wall":1,"minecraft:birch_sign":3,"minecraft:white_terracotta":1,"minecraft:terracotta":1},"minecraft:custom":{"minecraft:time_since_rest":13148,"minecraft:crouch_one_cm":902,"minecraft:sprint_one_cm":9570,"minecraft:play_time":13148,"minecraft:walk_one_cm":11514,"minecraft:sneak_time":631,"minecraft:drop":18,"minecraft:jump":122,"minecraft:damage_dealt":1377,"minecraft:leave_game":3,"minecraft:time_since_death":13148,"minecraft:walk_on_water_one_cm":513,"minecraft:climb_one_cm":36,"minecraft:total_world_time":13148,"minecraft:fall_one_cm":745,"minecraft:fly_one_cm":118165},"minecraft:dropped":{"minecraft:sandstone_wall":1,"minecraft:birch_sign":2,"minecraft:brown_terracotta":2,"mca:book_romance":1,"minecraft:cactus":4,"minecraft:torch":2,"minecraft:orange_terracotta":2,"minecraft:light_gray_terracotta":1,"minecraft:diorite_wall":1,"minecraft:netherite_sword":1,"minecraft:terracotta":1}},"DataVersion":3465}