{"stats":{"minecraft:broken":{"minecraft:wooden_axe":2},"minecraft:killed":{"bloomingnature:deer":2,"minecraft:spider":1,"minecraft:slime":1,"minecraft:phantom":3,"minecraft:drowned":1,"minecraft:pig":1,"minecraft:hoglin":1,"minecraft:sheep":5,"minecraft:pillager":1,"minecraft:zombie":3,"minecraft:wither_skeleton":14,"minecraft:cow":6,"bloomingnature:pelican":1},"minecraft:custom":{"minecraft:mob_kills":40,"minecraft:interact_with_crafting_table":7,"minecraft:open_barrel":10,"minecraft:leave_game":2,"minecraft:time_since_death":23235,"minecraft:climb_one_cm":299,"minecraft:sprint_one_cm":429095,"minecraft:walk_one_cm":503032,"minecraft:drop":56,"minecraft:talked_to_villager":1,"minecraft:play_time":181530,"minecraft:deaths":6,"minecraft:sneak_time":10879,"minecraft:walk_under_water_one_cm":27187,"minecraft:jump":5530,"minecraft:interact_with_blast_furnace":1,"minecraft:walk_on_water_one_cm":26781,"minecraft:total_world_time":181530,"minecraft:interact_with_furnace":3,"tombstone:raider_killed":4,"minecraft:sleep_in_bed":11,"minecraft:time_since_rest":12065,"minecraft:damage_taken":6498,"minecraft:damage_dealt":9627,"minecraft:swim_one_cm":82329,"minecraft:fly_one_cm":997413,"minecraft:open_chest":59,"minecraft:crouch_one_cm":25017,"tombstone:undead_killed":21,"minecraft:interact_with_smoker":2,"minecraft:fall_one_cm":177820},"minecraft:killed_by":{"minecraft:wither_skeleton":1},"minecraft:dropped":{"minecraft:bread":4,"minecraft:iron_sword":1,"minecraft:wheat_seeds":27,"minecraft:diamond":1,"minecraft:poisonous_potato":1,"minecraft:iron_helmet":1,"minecraft:cobblestone":2,"minecraft:saddle":1,"minecraft:item_frame":1,"minecraft:polished_andesite":5,"minecraft:diamond_horse_armor":1,"minecraft:gray_concrete":2,"minecraft:dark_oak_fence":4,"minecraft:mutton":5,"minecraft:melon_slice":22,"minecraft:rose_bush":1,"minecraft:gold_nugget":15,"minecraft:paper":1,"minecraft:string":2,"minecraft:gold_ingot":9,"minecraft:stone_sword":1,"iceandfire:witherbone":1,"minecraft:beetroot":6,"minecraft:oak_planks":5,"minecraft:stripped_acacia_wood":1,"minecraft:white_bed":1,"minecraft:filled_map":1,"minecraft:potato":12,"minecraft:hay_block":3,"minecraft:flower_pot":1,"ecologics:coconut_husk":10,"minecraft:oak_sapling":8,"minecraft:chest":2,"minecraft:wooden_pickaxe":1,"minecraft:egg":3},"minecraft:picked_up":{"minecraft:crafting_table":1,"minecraft:wheat":15,"minecraft:prismarine_shard":1,"iceandfire:witherbone":9,"minecraft:flower_pot":2,"minecraft:enchanted_book":1,"minecraft:string":2,"minecraft:red_bed":15,"minecraft:item_frame":1,"biomesoplenty:tall_lavender":1,"minecraft:beetroot":6,"minecraft:gold_nugget":60,"minecraft:beef":10,"minecraft:rose_bush":1,"minecraft:poppy":1,"minecraft:spruce_slab":1,"minecraft:melon_slice":128,"minecraft:chest":3,"minecraft:egg":3,"minecraft:stick":2,"minecraft:raw_iron":17,"ecologics:coconut_slice":6,"minecraft:porkchop":1,"tombstone:grave_dust":6,"minecraft:carrot":56,"minecraft:dark_oak_planks":3,"minecraft:stone_sword":1,"minecraft:arrow":5,"minecraft:beetroot_seeds":12,"minecraft:hay_block":3,"ecologics:coconut_log":3,"minecraft:gold_ingot":1,"minecraft:mutton":5,"minecraft:white_wool":1,"minecraft:cobblestone":2,"biomesoplenty:lavender":3,"ecologics:coconut_planks":4,"minecraft:leather":8,"minecraft:potato":13,"minecraft:oak_log":95,"minecraft:wither_skeleton_skull":1,"minecraft:gray_concrete":2,"minecraft:bone":20,"minecraft:wheat_seeds":54,"meadow:patched_wool":4,"minecraft:diamond_helmet":1,"minecraft:oak_planks":197,"minecraft:stripped_acacia_wood":1,"minecraft:poisonous_potato":1,"ecologics:coconut_husk":4,"minecraft:blast_furnace":1,"minecraft:white_bed":1,"minecraft:oxidized_cut_copper_slab":1,"naturalist:duck_egg":2,"minecraft:dark_prismarine":2,"minecraft:polished_andesite":5,"minecraft:crossbow":1,"minecraft:bread":4,"tombstone:magic_scroll":1,"minecraft:oak_sapling":11,"minecraft:coal":11,"minecraft:dark_oak_fence":4,"iceandfire:raw_silver":2},"minecraft:crafted":{"minecraft:oak_planks":380,"ecologics:coconut_planks":4,"minecraft:chest":2,"minecraft:oak_slab":6,"minecraft:crafting_table":3,"minecraft:wooden_pickaxe":1,"minecraft:stick":8,"minecraft:iron_ingot":2,"minecraft:iron_pickaxe":1,"minecraft:wooden_axe":2},"minecraft:mined":{"minecraft:dark_prismarine":6,"minecraft:exposed_cut_copper":1,"minecraft:white_bed":1,"iceandfire:silver_ore":2,"minecraft:dark_oak_fence":6,"biomesoplenty:bush":4,"ecologics:coconut_log":2,"minecraft:spawner":2,"minecraft:large_fern":1,"biomesoplenty:tall_lavender":1,"minecraft:carrots":22,"bloomingnature:mountain_laurel":1,"minecraft:iron_ore":17,"biomesoplenty:lavender":4,"iceandfire:gold_pile":26,"minecraft:potatoes":5,"biomesoplenty:high_grass":34,"minecraft:shroomlight":1,"minecraft:oxidized_cut_copper_slab":1,"minecraft:stone":2,"minecraft:light_gray_carpet":4,"minecraft:cyan_terracotta":6,"minecraft:red_bed":15,"minecraft:crafting_table":1,"minecraft:blast_furnace":1,"minecraft:poppy":1,"minecraft:melon":25,"biomesoplenty:mahogany_planks":1,"minecraft:chest":3,"minecraft:rose_bush":1,"biomesoplenty:high_grass_plant":42,"minecraft:potted_oak_sapling":1,"minecraft:oak_planks":6,"minecraft:wheat":17,"minecraft:bee_nest":1,"minecraft:grass":41,"biomesoplenty:clover":3,"minecraft:oak_log":10,"minecraft:beetroots":6,"minecraft:stripped_acacia_wood":1,"minecraft:oak_leaves":2,"minecraft:fern":18},"minecraft:used":{"minecraft:stone_sword":12,"minecraft:chest":3,"minecraft:iron_sword":271,"minecraft:carrot":49,"minecraft:wooden_axe":17,"tombstone:gift":1,"minecraft:potato":13,"minecraft:oak_planks":383,"minecraft:wooden_pickaxe":12,"naturalist:duck_egg":2,"minecraft:oak_slab":3,"minecraft:crafting_table":3,"minecraft:red_bed":14,"minecraft:crossbow":4,"minecraft:dark_prismarine":2,"minecraft:flower_pot":1,"minecraft:apple":16,"minecraft:melon_slice":102,"minecraft:bread":2,"minecraft:iron_pickaxe":104,"minecraft:map":1,"tombstone:grave_key":5,"ecologics:coconut_slice":6,"minecraft:splash_potion":1}},"DataVersion":3465}