{"stats":{"minecraft:custom":{"minecraft:time_since_rest":8837,"minecraft:interact_with_furnace":2,"minecraft:sprint_one_cm":96369,"minecraft:damage_taken":555,"minecraft:walk_one_cm":143224,"minecraft:mob_kills":1,"minecraft:drop":11,"minecraft:damage_dealt":88,"minecraft:swim_one_cm":15801,"minecraft:interact_with_crafting_table":4,"minecraft:fly_one_cm":249762,"minecraft:open_chest":10,"minecraft:crouch_one_cm":2262,"minecraft:play_time":35752,"minecraft:deaths":1,"minecraft:sneak_time":1188,"minecraft:walk_under_water_one_cm":10372,"minecraft:jump":1669,"minecraft:walk_on_water_one_cm":7618,"minecraft:time_since_death":11966,"minecraft:sleep_in_bed":3,"minecraft:total_world_time":35752,"minecraft:climb_one_cm":163,"minecraft:fall_one_cm":31318},"minecraft:used":{"minecraft:wooden_axe":15,"minecraft:apple":2,"minecraft:bread":2,"minecraft:oak_planks":16,"minecraft:chest":2,"naturalist:duck_egg":2,"ecologics:coconut_slice":6,"minecraft:crafting_table":2,"minecraft:red_bed":4,"minecraft:potato":12},"minecraft:dropped":{"ecologics:coconut_husk":10,"minecraft:white_bed":1},"minecraft:broken":{"minecraft:wooden_axe":1},"minecraft:picked_up":{"biomesoplenty:lavender":3,"minecraft:stick":2,"minecraft:crafting_table":1,"ecologics:coconut_slice":6,"ecologics:coconut_planks":4,"ecologics:coconut_husk":4,"minecraft:oak_log":45,"minecraft:white_bed":1,"naturalist:duck_egg":2,"minecraft:red_bed":5,"biomesoplenty:tall_lavender":1,"minecraft:wheat_seeds":2,"minecraft:hay_block":3,"ecologics:coconut_log":3,"minecraft:oak_sapling":1,"minecraft:chest":2,"minecraft:dark_oak_fence":4,"minecraft:oak_planks":91,"minecraft:egg":2},"minecraft:mined":{"minecraft:large_fern":1,"biomesoplenty:tall_lavender":1,"minecraft:white_bed":1,"minecraft:red_bed":5,"bloomingnature:mountain_laurel":1,"biomesoplenty:lavender":4,"minecraft:bee_nest":1,"minecraft:crafting_table":1,"minecraft:dark_oak_fence":6,"minecraft:grass":7,"minecraft:oak_log":10,"biomesoplenty:high_grass":6,"minecraft:chest":2,"biomesoplenty:high_grass_plant":7,"ecologics:coconut_log":2,"minecraft:oak_leaves":1,"minecraft:fern":1},"minecraft:killed":{"bloomingnature:pelican":1},"minecraft:crafted":{"minecraft:oak_planks":180,"minecraft:crafting_table":1,"ecologics:coconut_planks":4,"minecraft:stick":8,"minecraft:wooden_pickaxe":1,"minecraft:iron_ingot":2,"minecraft:wooden_axe":2,"minecraft:chest":2}},"DataVersion":3465}