{"stats":{"minecraft:custom":{"minecraft:interact_with_furnace":2,"minecraft:mob_kills":27,"tombstone:raider_killed":3,"minecraft:interact_with_crafting_table":7,"minecraft:time_since_death":56302,"minecraft:sleep_in_bed":7,"minecraft:climb_one_cm":163,"minecraft:time_since_rest":45571,"minecraft:sprint_one_cm":233166,"minecraft:damage_taken":5757,"minecraft:walk_one_cm":353664,"minecraft:drop":38,"minecraft:damage_dealt":8107,"minecraft:talked_to_villager":1,"minecraft:swim_one_cm":19426,"minecraft:fly_one_cm":476575,"minecraft:open_chest":25,"tombstone:undead_killed":20,"minecraft:crouch_one_cm":17962,"minecraft:play_time":113752,"minecraft:deaths":5,"minecraft:sneak_time":8196,"minecraft:walk_under_water_one_cm":14991,"minecraft:jump":3292,"minecraft:interact_with_blast_furnace":1,"minecraft:walk_on_water_one_cm":14640,"minecraft:interact_with_smoker":2,"minecraft:total_world_time":113752,"minecraft:fall_one_cm":99979},"minecraft:killed_by":{"minecraft:wither_skeleton":1},"minecraft:used":{"minecraft:stone_sword":12,"minecraft:oak_planks":303,"minecraft:chest":2,"minecraft:wooden_pickaxe":12,"minecraft:iron_sword":224,"naturalist:duck_egg":2,"minecraft:oak_slab":3,"minecraft:crafting_table":3,"minecraft:red_bed":10,"minecraft:crossbow":2,"minecraft:carrot":41,"minecraft:wooden_axe":17,"minecraft:apple":2,"minecraft:melon_slice":66,"minecraft:bread":2,"minecraft:iron_pickaxe":50,"tombstone:grave_key":5,"ecologics:coconut_slice":6,"minecraft:potato":13,"minecraft:splash_potion":1},"minecraft:dropped":{"minecraft:iron_sword":1,"minecraft:stone_sword":1,"minecraft:poisonous_potato":1,"iceandfire:witherbone":1,"minecraft:beetroot":6,"minecraft:iron_helmet":1,"minecraft:oak_planks":2,"minecraft:stripped_acacia_wood":1,"minecraft:white_bed":1,"minecraft:item_frame":1,"minecraft:polished_andesite":5,"minecraft:potato":12,"minecraft:gray_concrete":2,"minecraft:hay_block":3,"minecraft:dark_oak_fence":4,"minecraft:gold_nugget":15,"minecraft:melon_slice":22,"minecraft:rose_bush":1,"minecraft:chest":2,"minecraft:oak_sapling":2,"ecologics:coconut_husk":10,"minecraft:wooden_pickaxe":1,"minecraft:paper":1,"minecraft:string":2,"minecraft:egg":3},"minecraft:broken":{"minecraft:wooden_axe":2},"minecraft:picked_up":{"biomesoplenty:lavender":3,"minecraft:crafting_table":1,"minecraft:wheat":15,"iceandfire:witherbone":9,"ecologics:coconut_planks":4,"minecraft:leather":2,"minecraft:potato":13,"minecraft:oak_log":95,"minecraft:wither_skeleton_skull":1,"minecraft:gray_concrete":2,"minecraft:string":2,"minecraft:red_bed":10,"minecraft:item_frame":1,"biomesoplenty:tall_lavender":1,"minecraft:bone":20,"minecraft:beetroot":6,"minecraft:wheat_seeds":49,"minecraft:beef":4,"minecraft:rose_bush":1,"minecraft:diamond_helmet":1,"minecraft:spruce_slab":1,"minecraft:melon_slice":128,"minecraft:chest":2,"minecraft:oak_planks":197,"minecraft:egg":3,"minecraft:stick":2,"ecologics:coconut_slice":6,"minecraft:stripped_acacia_wood":1,"minecraft:poisonous_potato":1,"ecologics:coconut_husk":4,"minecraft:dark_prismarine":2,"tombstone:grave_dust":6,"minecraft:blast_furnace":1,"minecraft:white_bed":1,"minecraft:carrot":56,"naturalist:duck_egg":2,"minecraft:dark_oak_planks":3,"minecraft:arrow":3,"minecraft:polished_andesite":5,"minecraft:stone_sword":1,"minecraft:beetroot_seeds":12,"ecologics:coconut_log":3,"minecraft:hay_block":3,"tombstone:magic_scroll":1,"minecraft:oak_sapling":2,"minecraft:dark_oak_fence":4,"minecraft:coal":11},"minecraft:mined":{"minecraft:dark_prismarine":6,"minecraft:light_gray_carpet":4,"minecraft:white_bed":1,"minecraft:cyan_terracotta":6,"minecraft:red_bed":10,"minecraft:crafting_table":1,"minecraft:dark_oak_fence":6,"biomesoplenty:bush":4,"minecraft:blast_furnace":1,"minecraft:melon":25,"biomesoplenty:mahogany_planks":1,"minecraft:chest":2,"minecraft:rose_bush":1,"biomesoplenty:high_grass_plant":7,"ecologics:coconut_log":2,"minecraft:oak_planks":6,"minecraft:spawner":2,"minecraft:large_fern":1,"biomesoplenty:tall_lavender":1,"minecraft:carrots":22,"bloomingnature:mountain_laurel":1,"minecraft:wheat":17,"biomesoplenty:lavender":4,"minecraft:bee_nest":1,"minecraft:grass":12,"minecraft:potatoes":5,"minecraft:oak_log":10,"biomesoplenty:high_grass":6,"minecraft:shroomlight":1,"minecraft:beetroots":6,"minecraft:stripped_acacia_wood":1,"minecraft:oak_leaves":2,"minecraft:fern":18},"minecraft:killed":{"bloomingnature:deer":1,"minecraft:spider":1,"minecraft:slime":1,"minecraft:hoglin":1,"minecraft:phantom":3,"minecraft:zombie":3,"minecraft:wither_skeleton":14,"minecraft:cow":2,"bloomingnature:pelican":1},"minecraft:crafted":{"minecraft:oak_slab":6,"minecraft:oak_planks":380,"minecraft:crafting_table":3,"ecologics:coconut_planks":4,"minecraft:wooden_pickaxe":1,"minecraft:stick":8,"minecraft:iron_ingot":2,"minecraft:iron_pickaxe":1,"minecraft:wooden_axe":2,"minecraft:chest":2}},"DataVersion":3465}