{"stats":{"minecraft:broken":{"iceandfire:armor_blue_leggings":1,"iceandfire:armor_blue_helmet":1,"iceandfire:armor_blue_boots":1,"iceandfire:armor_blue_chestplate":1,"iceandfire:armor_silver_metal_leggings":1},"minecraft:used":{"minecraft:bread":6,"alexsmobs:spawn_egg_devils_hole_pupfish":1,"minecraft:spruce_planks":50,"minecraft:iron_sword":74,"minecraft:blue_bed":1,"alexsmobs:spawn_egg_flutter":1,"iceandfire:dragon_ice":3,"minecraft:dirt":1,"iceandfire:dragonegg_blue":1,"minecraft:potato":1,"minecraft:milk_bucket":3},"minecraft:dropped":{"tombstone:grave_key":1,"minecraft:bucket":1},"minecraft:killed":{"minecraft:skeleton":14},"minecraft:custom":{"minecraft:time_since_rest":2919,"minecraft:interact_with_furnace":1,"minecraft:sprint_one_cm":44982,"minecraft:damage_taken":2147483647,"minecraft:walk_one_cm":89453,"minecraft:trigger_trapped_chest":2,"minecraft:mob_kills":14,"minecraft:drop":2,"minecraft:damage_dealt":4266,"minecraft:swim_one_cm":1038,"minecraft:fly_one_cm":618974,"minecraft:open_barrel":6,"minecraft:open_chest":39,"minecraft:crouch_one_cm":4442,"minecraft:play_time":40776,"minecraft:deaths":4,"tombstone:undead_killed":14,"minecraft:sneak_time":3570,"minecraft:walk_under_water_one_cm":21263,"minecraft:jump":348,"minecraft:leave_game":1,"minecraft:walk_on_water_one_cm":1511,"minecraft:time_since_death":4178,"minecraft:total_world_time":40776,"minecraft:climb_one_cm":16752,"minecraft:fall_one_cm":6922,"minecraft:horse_one_cm":648},"minecraft:killed_by":{"minecraft:player":4},"minecraft:picked_up":{"tombstone:grave_dust":4,"minecraft:blue_bed":1,"minecraft:dirt":1,"minecraft:string":2,"minecraft:arrow":14,"minecraft:bone":15,"minecraft:spruce_planks":2,"iceandfire:dragon_ice":1},"minecraft:mined":{"minecraft:black_stained_glass_pane":1,"minecraft:spruce_planks":2,"minecraft:grass_block":1,"minecraft:blue_bed":1,"minecraft:tripwire":3},"minecraft:crafted":{"minecraft:spruce_planks":52}},"DataVersion":3465}