{"stats":{"minecraft:custom":{"minecraft:open_barrel":1,"minecraft:time_since_rest":2790,"minecraft:open_chest":13,"minecraft:crouch_one_cm":2899,"minecraft:play_time":29796,"minecraft:sprint_one_cm":89328,"minecraft:walk_one_cm":63314,"minecraft:damage_taken":1225,"minecraft:deaths":5,"minecraft:sneak_time":1178,"minecraft:trigger_trapped_chest":1,"minecraft:walk_under_water_one_cm":1731,"minecraft:mob_kills":1,"minecraft:jump":969,"minecraft:damage_dealt":216,"minecraft:time_since_death":3564,"minecraft:walk_on_water_one_cm":7326,"minecraft:climb_one_cm":20787,"minecraft:total_world_time":29796,"minecraft:fall_one_cm":27327,"minecraft:swim_one_cm":7010,"minecraft:interact_with_crafting_table":1,"minecraft:fly_one_cm":244179},"minecraft:picked_up":{"minecraft:charcoal":2,"biomesoplenty:dried_salt":3,"minecraft:green_bed":2,"minecraft:sand":4,"biomesoplenty:wildflower":1},"minecraft:mined":{"minecraft:vine":2,"minecraft:sand":3,"biomesoplenty:palm_leaves":1,"biomesoplenty:dried_salt":3,"biomesoplenty:wilted_lily":1,"minecraft:tall_grass":1,"biomesoplenty:wildflower":1,"biomesoplenty:desert_grass":1,"minecraft:green_bed":2},"minecraft:used":{"biomesoplenty:dried_salt":3,"minecraft:sand":10,"tombstone:gift":2,"minecraft:sandstone":47,"minecraft:potato":22,"minecraft:green_bed":1}},"DataVersion":3465}