{"stats":{"minecraft:used":{"minecraft:dirt":1,"minecraft:bread":6,"iceandfire:dragonegg_blue":1,"minecraft:spruce_planks":50,"minecraft:iron_sword":74,"minecraft:potato":1,"alexsmobs:spawn_egg_flutter":1,"minecraft:blue_bed":1,"iceandfire:dragon_ice":3},"minecraft:killed":{"minecraft:skeleton":14},"minecraft:custom":{"minecraft:open_barrel":6,"minecraft:time_since_rest":29522,"minecraft:open_chest":39,"minecraft:interact_with_furnace":1,"minecraft:crouch_one_cm":3878,"minecraft:play_time":29522,"minecraft:sprint_one_cm":38317,"tombstone:undead_killed":14,"minecraft:damage_taken":364,"minecraft:walk_one_cm":74308,"minecraft:sneak_time":2892,"minecraft:trigger_trapped_chest":2,"minecraft:walk_under_water_one_cm":20369,"minecraft:mob_kills":14,"minecraft:jump":280,"minecraft:damage_dealt":4215,"minecraft:time_since_death":29522,"minecraft:walk_on_water_one_cm":1252,"minecraft:climb_one_cm":16713,"minecraft:total_world_time":29522,"minecraft:swim_one_cm":1038,"minecraft:fall_one_cm":6662,"minecraft:fly_one_cm":394549,"minecraft:horse_one_cm":648},"minecraft:mined":{"minecraft:black_stained_glass_pane":1,"minecraft:grass_block":1,"minecraft:spruce_planks":2,"minecraft:tripwire":3,"minecraft:blue_bed":1},"minecraft:picked_up":{"minecraft:bone":15,"minecraft:arrow":14,"iceandfire:dragon_ice":1,"minecraft:spruce_planks":2,"tombstone:grave_dust":4,"minecraft:string":2,"minecraft:dirt":1,"minecraft:blue_bed":1},"minecraft:crafted":{"minecraft:spruce_planks":52}},"DataVersion":3465}