{"stats":{"minecraft:broken":{"minecraft:wooden_axe":2},"minecraft:killed":{"bloomingnature:deer":2,"minecraft:spider":1,"minecraft:slime":1,"minecraft:phantom":3,"minecraft:horse":2,"minecraft:drowned":1,"minecraft:pig":5,"minecraft:hoglin":1,"minecraft:sheep":6,"minecraft:pillager":1,"minecraft:zombie":3,"minecraft:wither_skeleton":14,"minecraft:cow":6,"bloomingnature:pelican":1},"minecraft:custom":{"minecraft:mob_kills":47,"minecraft:interact_with_crafting_table":23,"minecraft:open_barrel":12,"minecraft:leave_game":3,"minecraft:time_since_death":3225,"minecraft:climb_one_cm":1157,"minecraft:sprint_one_cm":475203,"minecraft:walk_one_cm":567627,"minecraft:drop":60,"minecraft:talked_to_villager":1,"minecraft:play_time":212061,"minecraft:deaths":7,"minecraft:sneak_time":11703,"minecraft:walk_under_water_one_cm":33435,"minecraft:jump":6077,"minecraft:interact_with_blast_furnace":7,"minecraft:walk_on_water_one_cm":28177,"minecraft:total_world_time":212061,"minecraft:interact_with_furnace":10,"tombstone:raider_killed":4,"minecraft:sleep_in_bed":13,"minecraft:time_since_rest":3081,"minecraft:damage_taken":7490,"minecraft:damage_dealt":10683,"minecraft:swim_one_cm":102961,"minecraft:fly_one_cm":1103240,"minecraft:open_chest":81,"minecraft:crouch_one_cm":26092,"tombstone:undead_killed":21,"minecraft:interact_with_smoker":2,"minecraft:fall_one_cm":196317},"minecraft:killed_by":{"minecraft:wither_skeleton":1},"minecraft:dropped":{"minecraft:bread":4,"minecraft:iron_sword":1,"minecraft:wheat_seeds":27,"minecraft:diamond":1,"minecraft:poisonous_potato":1,"minecraft:iron_helmet":1,"minecraft:cobblestone":2,"minecraft:saddle":1,"minecraft:item_frame":1,"minecraft:polished_andesite":5,"minecraft:diamond_horse_armor":1,"minecraft:gray_concrete":2,"minecraft:red_bed":2,"minecraft:dark_oak_fence":4,"minecraft:mutton":5,"minecraft:melon_slice":22,"minecraft:rose_bush":1,"minecraft:gold_nugget":16,"minecraft:paper":1,"minecraft:string":2,"minecraft:gold_ingot":9,"minecraft:stone_sword":1,"iceandfire:witherbone":1,"minecraft:beetroot":6,"minecraft:oak_planks":5,"minecraft:stripped_acacia_wood":1,"minecraft:white_bed":1,"minecraft:filled_map":1,"minecraft:potato":12,"minecraft:hay_block":3,"minecraft:flower_pot":1,"ecologics:coconut_husk":10,"minecraft:oak_sapling":8,"minecraft:chest":3,"minecraft:wooden_pickaxe":1,"minecraft:egg":3},"minecraft:picked_up":{"minecraft:crafting_table":1,"minecraft:wheat":15,"minecraft:prismarine_shard":1,"iceandfire:witherbone":9,"minecraft:flower_pot":2,"minecraft:enchanted_book":2,"minecraft:string":36,"minecraft:red_bed":16,"minecraft:item_frame":1,"biomesoplenty:tall_lavender":1,"travelersbackpack:pig":1,"minecraft:beetroot":6,"minecraft:gold_nugget":61,"minecraft:beef":10,"minecraft:rose_bush":1,"minecraft:poppy":1,"minecraft:spruce_slab":1,"minecraft:melon_slice":128,"minecraft:chest":4,"minecraft:egg":3,"minecraft:stick":2,"minecraft:raw_iron":35,"ecologics:coconut_slice":6,"minecraft:porkchop":12,"tombstone:grave_dust":6,"minecraft:carrot":56,"minecraft:dark_oak_planks":3,"minecraft:stone_sword":1,"minecraft:arrow":5,"minecraft:beetroot_seeds":12,"minecraft:hay_block":3,"ecologics:coconut_log":3,"minecraft:gold_ingot":1,"minecraft:mutton":7,"minecraft:white_wool":1,"minecraft:cobblestone":2,"biomesoplenty:lavender":4,"bloomingnature:aspen_sapling":1,"minecraft:salmon":2,"ecologics:coconut_planks":4,"minecraft:leather":9,"minecraft:potato":13,"minecraft:oak_log":95,"minecraft:wither_skeleton_skull":1,"minecraft:gray_concrete":2,"minecraft:bone":20,"minecraft:wheat_seeds":54,"meadow:patched_wool":5,"minecraft:diamond_helmet":1,"minecraft:oak_planks":197,"minecraft:stripped_acacia_wood":1,"minecraft:poisonous_potato":1,"minecraft:sand":12,"ecologics:coconut_husk":4,"minecraft:ink_sac":2,"minecraft:blast_furnace":3,"minecraft:white_bed":1,"minecraft:oxidized_cut_copper_slab":1,"naturalist:duck_egg":2,"minecraft:dark_prismarine":2,"travelersbackpack:standard":2,"minecraft:polished_andesite":5,"minecraft:crossbow":1,"minecraft:bread":4,"tombstone:magic_scroll":1,"minecraft:oak_sapling":11,"minecraft:coal":11,"minecraft:dark_oak_fence":4,"iceandfire:raw_silver":2},"minecraft:crafted":{"minecraft:oak_planks":380,"ecologics:coconut_planks":4,"travelersbackpack:pig":1,"minecraft:glass":12,"travelersbackpack:white_sleeping_bag":1,"minecraft:chest":3,"minecraft:oak_slab":6,"minecraft:crafting_table":3,"travelersbackpack:backpack_tank":2,"minecraft:wooden_pickaxe":1,"travelersbackpack:standard":1,"minecraft:air":0,"minecraft:white_wool":8,"minecraft:stick":8,"minecraft:iron_ingot":2,"minecraft:iron_pickaxe":1,"minecraft:wooden_axe":2,"minecraft:gold_ingot":9},"minecraft:mined":{"minecraft:dark_prismarine":6,"minecraft:exposed_cut_copper":1,"minecraft:white_bed":1,"iceandfire:silver_ore":2,"minecraft:dark_oak_fence":6,"biomesoplenty:bush":4,"ecologics:coconut_log":2,"minecraft:spawner":2,"minecraft:large_fern":1,"minecraft:tall_seagrass":1,"biomesoplenty:tall_lavender":1,"minecraft:carrots":22,"minecraft:fire":17,"bloomingnature:mountain_laurel":1,"minecraft:iron_ore":35,"biomesoplenty:lavender":4,"iceandfire:gold_pile":26,"minecraft:potatoes":5,"biomesoplenty:high_grass":34,"minecraft:shroomlight":1,"biomesoplenty:webbing":1,"minecraft:oxidized_cut_copper_slab":1,"minecraft:stone":3,"minecraft:light_gray_carpet":4,"minecraft:cyan_terracotta":6,"minecraft:red_bed":15,"travelersbackpack:standard":2,"minecraft:crafting_table":1,"minecraft:blast_furnace":3,"minecraft:poppy":1,"minecraft:melon":25,"biomesoplenty:mahogany_planks":1,"minecraft:chest":3,"minecraft:rose_bush":1,"biomesoplenty:high_grass_plant":42,"minecraft:potted_oak_sapling":1,"minecraft:oak_planks":6,"minecraft:wheat":17,"travelersbackpack:pig":1,"minecraft:bee_nest":1,"minecraft:grass":42,"biomesoplenty:clover":4,"minecraft:oak_log":10,"minecraft:beetroots":6,"minecraft:sand":12,"biomesoplenty:stringy_cobweb":3,"minecraft:cobweb":36,"minecraft:stripped_acacia_wood":1,"minecraft:oak_leaves":2,"minecraft:fern":18},"minecraft:used":{"minecraft:stone_sword":12,"minecraft:chest":3,"minecraft:iron_sword":334,"travelersbackpack:pig":2,"minecraft:carrot":49,"minecraft:wooden_axe":17,"tombstone:gift":3,"minecraft:potato":19,"minecraft:oak_planks":387,"minecraft:wooden_pickaxe":12,"naturalist:duck_egg":2,"minecraft:oak_slab":3,"minecraft:crafting_table":3,"minecraft:red_bed":14,"minecraft:blast_furnace":2,"minecraft:crossbow":18,"minecraft:cod":4,"minecraft:dark_prismarine":2,"minecraft:flower_pot":1,"minecraft:apple":29,"minecraft:melon_slice":102,"minecraft:bread":7,"minecraft:iron_pickaxe":125,"minecraft:map":1,"tombstone:grave_key":6,"ecologics:coconut_slice":6,"travelersbackpack:standard":3,"minecraft:splash_potion":1}},"DataVersion":3465}