{"stats":{"minecraft:custom":{"minecraft:open_chest":18,"minecraft:time_since_rest":17748,"minecraft:interact_with_furnace":1,"minecraft:crouch_one_cm":2218,"minecraft:play_time":17748,"minecraft:sprint_one_cm":28526,"minecraft:walk_one_cm":34431,"minecraft:sneak_time":1054,"minecraft:mob_kills":1,"minecraft:jump":289,"minecraft:damage_dealt":74,"minecraft:interact_with_blast_furnace":1,"minecraft:time_since_death":17748,"minecraft:climb_one_cm":126,"minecraft:total_world_time":17748,"minecraft:fall_one_cm":209,"minecraft:fly_one_cm":364506},"minecraft:picked_up":{"minecraft:bone":1,"minecraft:arrow":2,"iceandfire:witherbone":1,"minecraft:apple":4,"minecraft:tripwire_hook":2,"minecraft:beetroot":6,"minecraft:pumpkin_pie":4,"minecraft:mushroom_stew":2,"minecraft:cake":2,"minecraft:bread":4,"minecraft:carrot":2},"minecraft:used":{"naturalist:snake_spawn_egg":1,"minecraft:golden_sword":2,"naturalist:butterfly_spawn_egg":2,"naturalist:bluejay_spawn_egg":1,"naturalist:snail_spawn_egg":1,"minecraft:flint_and_steel":3,"naturalist:coral_snake_spawn_egg":2,"naturalist:deer_spawn_egg":1,"naturalist:bear_spawn_egg":1,"naturalist:rattlesnake_spawn_egg":1,"minecraft:smooth_quartz":3,"naturalist:firefly_spawn_egg":1,"minecraft:obsidian":36}},"DataVersion":3465}