{"stats":{"minecraft:used":{"minecraft:dirt":1,"minecraft:bread":6,"minecraft:spruce_planks":50,"minecraft:iron_sword":74,"minecraft:potato":1,"minecraft:blue_bed":1},"minecraft:killed":{"minecraft:skeleton":14},"minecraft:custom":{"minecraft:time_since_rest":17522,"minecraft:open_chest":19,"minecraft:interact_with_furnace":1,"minecraft:crouch_one_cm":3121,"minecraft:play_time":17522,"minecraft:sprint_one_cm":28151,"tombstone:undead_killed":14,"minecraft:damage_taken":364,"minecraft:walk_one_cm":61027,"minecraft:sneak_time":1689,"minecraft:walk_under_water_one_cm":388,"minecraft:mob_kills":14,"minecraft:jump":227,"minecraft:damage_dealt":4150,"minecraft:time_since_death":17522,"minecraft:walk_on_water_one_cm":120,"minecraft:climb_one_cm":16713,"minecraft:total_world_time":17522,"minecraft:swim_one_cm":1038,"minecraft:fall_one_cm":6662,"minecraft:fly_one_cm":94361,"minecraft:horse_one_cm":648},"minecraft:mined":{"minecraft:black_stained_glass_pane":1,"minecraft:grass_block":1,"minecraft:spruce_planks":2,"minecraft:tripwire":3,"minecraft:blue_bed":1},"minecraft:picked_up":{"minecraft:bone":15,"minecraft:arrow":14,"minecraft:spruce_planks":2,"tombstone:grave_dust":4,"minecraft:string":2,"minecraft:dirt":1,"minecraft:blue_bed":1},"minecraft:crafted":{"minecraft:spruce_planks":52}},"DataVersion":3465}