{"stats":{"minecraft:broken":{"minecraft:wooden_axe":2},"minecraft:killed":{"bloomingnature:deer":2,"minecraft:witch":1,"minecraft:spider":1,"minecraft:slime":1,"minecraft:phantom":3,"minecraft:horse":2,"naturalist:bass":1,"minecraft:drowned":1,"minecraft:pig":5,"minecraft:hoglin":1,"minecraft:sheep":11,"minecraft:pillager":1,"minecraft:zombie":3,"minecraft:wither_skeleton":14,"minecraft:cow":9,"bloomingnature:pelican":1},"minecraft:custom":{"minecraft:mob_kills":57,"minecraft:interact_with_crafting_table":23,"minecraft:open_barrel":12,"minecraft:leave_game":4,"minecraft:time_since_death":34189,"minecraft:climb_one_cm":1157,"minecraft:sprint_one_cm":581837,"minecraft:walk_one_cm":650675,"minecraft:drop":69,"minecraft:talked_to_villager":1,"minecraft:play_time":243025,"minecraft:sneak_time":12796,"minecraft:deaths":7,"minecraft:walk_under_water_one_cm":38019,"minecraft:jump":7210,"minecraft:interact_with_blast_furnace":7,"minecraft:walk_on_water_one_cm":34497,"minecraft:total_world_time":243025,"minecraft:interact_with_furnace":10,"tombstone:raider_killed":5,"minecraft:sleep_in_bed":15,"minecraft:time_since_rest":4534,"minecraft:damage_taken":7803,"minecraft:damage_dealt":12027,"minecraft:swim_one_cm":105748,"minecraft:fly_one_cm":1391653,"minecraft:open_chest":94,"minecraft:crouch_one_cm":28775,"tombstone:undead_killed":21,"minecraft:interact_with_smoker":3,"minecraft:horse_one_cm":66962,"minecraft:fall_one_cm":236493},"minecraft:killed_by":{"minecraft:wither_skeleton":1},"minecraft:dropped":{"minecraft:bread":4,"minecraft:iron_sword":1,"minecraft:wheat_seeds":31,"minecraft:diamond":1,"minecraft:poisonous_potato":1,"minecraft:iron_helmet":1,"minecraft:cobblestone":2,"minecraft:saddle":1,"minecraft:stick":1,"minecraft:item_frame":1,"minecraft:polished_andesite":5,"minecraft:diamond_horse_armor":1,"minecraft:gray_concrete":2,"minecraft:red_bed":2,"minecraft:ink_sac":2,"minecraft:dark_oak_fence":4,"minecraft:mutton":5,"minecraft:rose_bush":3,"minecraft:melon_slice":22,"minecraft:gold_nugget":16,"meadow:inky_wool":1,"minecraft:paper":1,"minecraft:string":4,"minecraft:gold_ingot":9,"minecraft:stone_sword":1,"iceandfire:witherbone":1,"minecraft:beetroot":6,"minecraft:oak_planks":5,"minecraft:stripped_acacia_wood":1,"minecraft:white_bed":1,"minecraft:filled_map":2,"minecraft:potato":12,"minecraft:hay_block":3,"minecraft:flower_pot":1,"ecologics:coconut_husk":10,"minecraft:oak_sapling":8,"minecraft:chest":3,"minecraft:wooden_pickaxe":1,"minecraft:egg":3},"minecraft:picked_up":{"minecraft:crafting_table":1,"minecraft:wheat":15,"iceandfire:witherbone":9,"minecraft:flower_pot":2,"minecraft:prismarine_shard":1,"minecraft:enchanted_book":2,"minecraft:string":36,"minecraft:red_bed":16,"minecraft:item_frame":1,"biomesoplenty:tall_lavender":1,"travelersbackpack:pig":4,"minecraft:beetroot":6,"minecraft:cracked_stone_bricks":1,"minecraft:gold_nugget":61,"minecraft:beef":16,"minecraft:rose_bush":3,"minecraft:poppy":1,"minecraft:spruce_slab":1,"minecraft:melon_slice":128,"minecraft:chest":4,"minecraft:egg":3,"minecraft:stick":5,"minecraft:raw_iron":35,"ecologics:coconut_slice":6,"minecraft:porkchop":12,"tombstone:grave_dust":6,"minecraft:carrot":56,"meadow:inky_wool":1,"minecraft:dark_oak_planks":3,"minecraft:stone_sword":1,"minecraft:arrow":5,"minecraft:beetroot_seeds":12,"minecraft:hay_block":3,"ecologics:coconut_log":3,"minecraft:gold_ingot":1,"minecraft:mutton":13,"minecraft:white_wool":3,"minecraft:cobblestone":2,"biomesoplenty:lavender":4,"bloomingnature:aspen_sapling":1,"minecraft:salmon":2,"ecologics:coconut_planks":4,"minecraft:leather":13,"minecraft:potato":13,"minecraft:packed_mud":1,"minecraft:oak_log":95,"minecraft:wither_skeleton_skull":1,"minecraft:gray_concrete":2,"naturalist:bass":1,"minecraft:bone":20,"minecraft:wheat_seeds":58,"meadow:patched_wool":6,"minecraft:diamond_helmet":1,"minecraft:oak_planks":198,"minecraft:mossy_stone_brick_stairs":2,"minecraft:stripped_acacia_wood":1,"minecraft:poisonous_potato":1,"minecraft:sand":12,"ecologics:coconut_husk":4,"minecraft:blast_furnace":3,"minecraft:ink_sac":2,"minecraft:white_bed":1,"minecraft:oxidized_cut_copper_slab":1,"naturalist:duck_egg":2,"minecraft:dark_prismarine":2,"travelersbackpack:standard":2,"minecraft:polished_andesite":5,"minecraft:crossbow":1,"minecraft:gray_wool":1,"minecraft:bread":4,"tombstone:magic_scroll":1,"minecraft:oak_sapling":11,"minecraft:dark_oak_fence":4,"minecraft:coal":11,"iceandfire:raw_silver":2},"minecraft:crafted":{"minecraft:oak_planks":380,"ecologics:coconut_planks":4,"travelersbackpack:pig":1,"minecraft:glass":12,"travelersbackpack:white_sleeping_bag":1,"minecraft:chest":3,"minecraft:oak_slab":6,"minecraft:crafting_table":3,"travelersbackpack:backpack_tank":2,"minecraft:wooden_pickaxe":1,"travelersbackpack:standard":1,"minecraft:air":0,"minecraft:white_wool":8,"minecraft:stick":8,"minecraft:iron_ingot":2,"minecraft:iron_pickaxe":1,"minecraft:wooden_axe":2,"minecraft:gold_ingot":9},"minecraft:mined":{"minecraft:dark_prismarine":6,"minecraft:exposed_cut_copper":1,"minecraft:white_bed":1,"iceandfire:silver_ore":2,"minecraft:dark_oak_leaves":5,"minecraft:dark_oak_fence":6,"biomesoplenty:bush":4,"travelersbackpack:white_sleeping_bag":2,"ecologics:coconut_log":2,"minecraft:spawner":2,"minecraft:large_fern":3,"minecraft:tall_seagrass":1,"biomesoplenty:tall_lavender":1,"minecraft:packed_mud":1,"minecraft:carrots":22,"bloomingnature:mountain_laurel":1,"minecraft:iron_ore":35,"minecraft:fire":17,"biomesoplenty:lavender":4,"minecraft:mossy_stone_brick_stairs":2,"minecraft:potatoes":5,"minecraft:shroomlight":1,"biomesoplenty:high_grass":50,"iceandfire:gold_pile":26,"biomesoplenty:webbing":1,"minecraft:oxidized_cut_copper_slab":1,"minecraft:stone":3,"minecraft:light_gray_carpet":4,"minecraft:red_bed":15,"minecraft:cyan_terracotta":6,"travelersbackpack:standard":2,"minecraft:crafting_table":1,"minecraft:blast_furnace":3,"minecraft:poppy":1,"minecraft:melon":25,"biomesoplenty:mahogany_planks":1,"minecraft:chest":3,"minecraft:rose_bush":3,"biomesoplenty:high_grass_plant":61,"minecraft:tall_grass":9,"biomesoplenty:sprout":1,"minecraft:potted_oak_sapling":1,"minecraft:oak_planks":7,"minecraft:wheat":17,"travelersbackpack:pig":4,"minecraft:wither_rose":1,"minecraft:bee_nest":1,"minecraft:grass":64,"biomesoplenty:clover":6,"minecraft:oak_log":10,"minecraft:beetroots":6,"minecraft:sand":12,"biomesoplenty:stringy_cobweb":3,"minecraft:cobweb":36,"minecraft:cracked_stone_bricks":1,"minecraft:stripped_acacia_wood":1,"minecraft:oak_leaves":2,"minecraft:fern":19},"minecraft:used":{"minecraft:stone_sword":12,"minecraft:chest":3,"minecraft:iron_sword":381,"travelersbackpack:pig":10,"minecraft:carrot":62,"minecraft:wooden_axe":17,"tombstone:gift":4,"minecraft:potato":58,"minecraft:oak_planks":394,"minecraft:wooden_pickaxe":12,"naturalist:duck_egg":2,"minecraft:oak_slab":3,"minecraft:crafting_table":3,"minecraft:red_bed":14,"minecraft:blast_furnace":2,"minecraft:crossbow":18,"minecraft:cod":4,"minecraft:dark_prismarine":2,"minecraft:flower_pot":1,"minecraft:apple":31,"minecraft:bread":7,"minecraft:melon_slice":102,"minecraft:iron_pickaxe":128,"minecraft:map":1,"tombstone:grave_key":6,"ecologics:coconut_slice":6,"travelersbackpack:standard":3,"minecraft:pumpkin_pie":1,"minecraft:splash_potion":1}},"DataVersion":3465}