{"stats":{"minecraft:custom":{"minecraft:time_since_rest":1580,"minecraft:sprint_one_cm":122493,"minecraft:damage_taken":1830,"minecraft:walk_one_cm":103860,"minecraft:trigger_trapped_chest":1,"minecraft:mob_kills":1,"minecraft:damage_dealt":253,"minecraft:swim_one_cm":18562,"minecraft:interact_with_crafting_table":1,"minecraft:fly_one_cm":351742,"minecraft:open_barrel":1,"minecraft:open_chest":16,"minecraft:crouch_one_cm":4642,"minecraft:play_time":43691,"minecraft:deaths":7,"minecraft:sneak_time":2240,"minecraft:walk_under_water_one_cm":8641,"minecraft:jump":1421,"minecraft:leave_game":1,"minecraft:walk_on_water_one_cm":10700,"minecraft:time_since_death":1885,"minecraft:total_world_time":43691,"minecraft:climb_one_cm":21072,"minecraft:fall_one_cm":42465},"minecraft:picked_up":{"minecraft:charcoal":2,"minecraft:wheat":3,"biomesoplenty:dried_salt":3,"ecologics:prickly_pear":1,"minecraft:green_bed":2,"minecraft:sand":4,"minecraft:gunpowder":2,"minecraft:name_tag":2,"minecraft:wheat_seeds":7,"minecraft:emerald":2,"biomesoplenty:wildflower":1},"minecraft:mined":{"biomesoplenty:palm_leaves":1,"minecraft:wheat":3,"biomesoplenty:wildflower":1,"biomesoplenty:desert_grass":1,"minecraft:vine":2,"minecraft:sand":3,"minecraft:tall_grass":1,"biomesoplenty:dried_salt":3,"biomesoplenty:wilted_lily":1,"minecraft:green_bed":2,"ecologics:prickly_pear":1},"minecraft:used":{"minecraft:sandstone":94,"minecraft:green_bed":1,"biomesoplenty:dried_salt":3,"minecraft:sand":10,"tombstone:gift":2,"ecologics:prickly_pear":1,"minecraft:potato":22}},"DataVersion":3465}