{"stats":{"minecraft:custom":{"minecraft:open_chest":5,"minecraft:time_since_rest":5752,"minecraft:interact_with_furnace":2,"minecraft:crouch_one_cm":47,"minecraft:walk_one_cm":17026,"minecraft:play_time":5752,"minecraft:sprint_one_cm":16850,"minecraft:damage_taken":80,"minecraft:sneak_time":72,"minecraft:walk_under_water_one_cm":1568,"minecraft:drop":2,"minecraft:jump":310,"minecraft:time_since_death":5752,"minecraft:walk_on_water_one_cm":1186,"minecraft:total_world_time":5752,"minecraft:swim_one_cm":7516,"minecraft:fall_one_cm":6142,"minecraft:fly_one_cm":45330},"minecraft:used":{"ecologics:coconut_slice":2,"minecraft:bread":2,"minecraft:potato":5},"minecraft:dropped":{"ecologics:coconut_husk":2},"minecraft:picked_up":{"ecologics:coconut_slice":2,"ecologics:coconut_log":1,"minecraft:oak_log":10,"minecraft:white_bed":1,"minecraft:red_bed":1},"minecraft:mined":{"minecraft:grass":1,"minecraft:oak_log":10,"biomesoplenty:high_grass":6,"minecraft:white_bed":1,"minecraft:red_bed":1,"biomesoplenty:high_grass_plant":7,"ecologics:coconut_log":1,"minecraft:oak_leaves":1,"minecraft:bee_nest":1},"minecraft:crafted":{"minecraft:oak_planks":40,"minecraft:crafting_table":1}},"DataVersion":3465}