{"stats":{"minecraft:custom":{"minecraft:mob_kills":27,"minecraft:interact_with_crafting_table":7,"minecraft:leave_game":1,"minecraft:time_since_death":80013,"minecraft:climb_one_cm":163,"minecraft:sprint_one_cm":291081,"minecraft:walk_one_cm":395016,"minecraft:drop":44,"minecraft:talked_to_villager":1,"minecraft:play_time":137463,"minecraft:deaths":5,"minecraft:sneak_time":8755,"minecraft:walk_under_water_one_cm":19985,"minecraft:jump":3975,"minecraft:interact_with_blast_furnace":1,"minecraft:walk_on_water_one_cm":17737,"minecraft:total_world_time":137463,"minecraft:interact_with_furnace":3,"tombstone:raider_killed":3,"minecraft:sleep_in_bed":7,"minecraft:time_since_rest":69282,"minecraft:damage_taken":5895,"minecraft:damage_dealt":8107,"minecraft:swim_one_cm":34052,"minecraft:fly_one_cm":644375,"minecraft:open_chest":32,"minecraft:crouch_one_cm":18845,"tombstone:undead_killed":20,"minecraft:interact_with_smoker":2,"minecraft:fall_one_cm":123691},"minecraft:killed_by":{"minecraft:wither_skeleton":1},"minecraft:used":{"minecraft:stone_sword":12,"minecraft:chest":2,"minecraft:iron_sword":224,"minecraft:carrot":49,"minecraft:wooden_axe":17,"minecraft:potato":13,"minecraft:oak_planks":303,"minecraft:wooden_pickaxe":12,"naturalist:duck_egg":2,"minecraft:oak_slab":3,"minecraft:crafting_table":3,"minecraft:red_bed":10,"minecraft:crossbow":4,"minecraft:dark_prismarine":2,"minecraft:apple":2,"minecraft:melon_slice":78,"minecraft:bread":2,"minecraft:iron_pickaxe":76,"minecraft:map":1,"tombstone:grave_key":5,"ecologics:coconut_slice":6,"minecraft:splash_potion":1},"minecraft:dropped":{"minecraft:iron_sword":1,"minecraft:diamond":1,"minecraft:poisonous_potato":1,"minecraft:iron_helmet":1,"minecraft:cobblestone":2,"minecraft:saddle":1,"minecraft:item_frame":1,"minecraft:polished_andesite":5,"minecraft:gray_concrete":2,"minecraft:dark_oak_fence":4,"minecraft:melon_slice":22,"minecraft:rose_bush":1,"minecraft:gold_nugget":15,"minecraft:paper":1,"minecraft:string":2,"minecraft:gold_ingot":9,"minecraft:stone_sword":1,"iceandfire:witherbone":1,"minecraft:beetroot":6,"minecraft:oak_planks":2,"minecraft:stripped_acacia_wood":1,"minecraft:white_bed":1,"minecraft:filled_map":1,"minecraft:potato":12,"minecraft:hay_block":3,"minecraft:flower_pot":1,"ecologics:coconut_husk":10,"minecraft:oak_sapling":2,"minecraft:chest":2,"minecraft:wooden_pickaxe":1,"minecraft:egg":3},"minecraft:broken":{"minecraft:wooden_axe":2},"minecraft:picked_up":{"minecraft:crafting_table":1,"minecraft:wheat":15,"iceandfire:witherbone":9,"minecraft:flower_pot":1,"minecraft:string":2,"minecraft:red_bed":10,"biomesoplenty:tall_lavender":1,"minecraft:item_frame":1,"minecraft:beetroot":6,"minecraft:beef":4,"minecraft:rose_bush":1,"minecraft:poppy":1,"minecraft:spruce_slab":1,"minecraft:melon_slice":128,"minecraft:chest":2,"minecraft:egg":3,"minecraft:stick":2,"minecraft:raw_iron":17,"ecologics:coconut_slice":6,"tombstone:grave_dust":6,"minecraft:carrot":56,"minecraft:dark_oak_planks":3,"minecraft:stone_sword":1,"minecraft:arrow":3,"minecraft:beetroot_seeds":12,"ecologics:coconut_log":3,"minecraft:hay_block":3,"minecraft:gold_ingot":1,"minecraft:cobblestone":2,"biomesoplenty:lavender":3,"ecologics:coconut_planks":4,"minecraft:leather":2,"minecraft:potato":13,"minecraft:oak_log":95,"minecraft:wither_skeleton_skull":1,"minecraft:gray_concrete":2,"minecraft:bone":20,"minecraft:wheat_seeds":51,"minecraft:diamond_helmet":1,"minecraft:oak_planks":197,"minecraft:stripped_acacia_wood":1,"minecraft:poisonous_potato":1,"ecologics:coconut_husk":4,"minecraft:blast_furnace":1,"minecraft:white_bed":1,"naturalist:duck_egg":2,"minecraft:dark_prismarine":2,"minecraft:polished_andesite":5,"tombstone:magic_scroll":1,"minecraft:oak_sapling":3,"minecraft:coal":11,"minecraft:dark_oak_fence":4,"iceandfire:raw_silver":2},"minecraft:mined":{"minecraft:dark_prismarine":6,"minecraft:white_bed":1,"iceandfire:silver_ore":2,"minecraft:dark_oak_fence":6,"biomesoplenty:bush":4,"ecologics:coconut_log":2,"minecraft:spawner":2,"minecraft:large_fern":1,"biomesoplenty:tall_lavender":1,"minecraft:carrots":22,"bloomingnature:mountain_laurel":1,"minecraft:iron_ore":17,"biomesoplenty:lavender":4,"minecraft:potatoes":5,"biomesoplenty:high_grass":29,"minecraft:shroomlight":1,"minecraft:stone":2,"minecraft:light_gray_carpet":4,"minecraft:cyan_terracotta":6,"minecraft:red_bed":10,"minecraft:crafting_table":1,"minecraft:blast_furnace":1,"minecraft:poppy":1,"minecraft:melon":25,"biomesoplenty:mahogany_planks":1,"minecraft:chest":2,"minecraft:rose_bush":1,"biomesoplenty:high_grass_plant":32,"minecraft:potted_oak_sapling":1,"minecraft:oak_planks":6,"minecraft:wheat":17,"minecraft:bee_nest":1,"minecraft:grass":23,"minecraft:oak_log":10,"minecraft:beetroots":6,"minecraft:stripped_acacia_wood":1,"minecraft:oak_leaves":2,"minecraft:fern":18},"minecraft:killed":{"bloomingnature:deer":1,"minecraft:spider":1,"minecraft:slime":1,"minecraft:phantom":3,"minecraft:hoglin":1,"minecraft:zombie":3,"minecraft:wither_skeleton":14,"minecraft:cow":2,"bloomingnature:pelican":1},"minecraft:crafted":{"minecraft:oak_planks":380,"ecologics:coconut_planks":4,"minecraft:chest":2,"minecraft:oak_slab":6,"minecraft:crafting_table":3,"minecraft:wooden_pickaxe":1,"minecraft:stick":8,"minecraft:iron_ingot":2,"minecraft:iron_pickaxe":1,"minecraft:wooden_axe":2}},"DataVersion":3465}