{"stats":{"minecraft:custom":{"minecraft:interact_with_furnace":2,"minecraft:mob_kills":5,"minecraft:interact_with_crafting_table":5,"minecraft:time_since_death":1120,"minecraft:sleep_in_bed":4,"minecraft:climb_one_cm":163,"minecraft:time_since_rest":880,"minecraft:sprint_one_cm":117328,"minecraft:damage_taken":3475,"minecraft:walk_one_cm":179434,"minecraft:drop":11,"minecraft:damage_dealt":598,"minecraft:swim_one_cm":15801,"minecraft:fly_one_cm":281247,"minecraft:open_chest":18,"minecraft:crouch_one_cm":3479,"minecraft:play_time":47752,"minecraft:deaths":4,"minecraft:sneak_time":2107,"minecraft:walk_under_water_one_cm":10372,"minecraft:jump":2122,"minecraft:interact_with_blast_furnace":1,"minecraft:walk_on_water_one_cm":8392,"minecraft:total_world_time":47752,"minecraft:fall_one_cm":62484},"minecraft:killed_by":{"minecraft:wither_skeleton":1},"minecraft:used":{"minecraft:stone_sword":3,"minecraft:oak_planks":212,"minecraft:chest":2,"minecraft:wooden_pickaxe":8,"naturalist:duck_egg":2,"minecraft:crafting_table":3,"minecraft:red_bed":5,"minecraft:carrot":2,"minecraft:wooden_axe":17,"minecraft:apple":2,"minecraft:bread":2,"minecraft:iron_pickaxe":33,"tombstone:grave_key":2,"ecologics:coconut_slice":6,"minecraft:potato":13},"minecraft:dropped":{"minecraft:white_bed":1,"ecologics:coconut_husk":10},"minecraft:broken":{"minecraft:wooden_axe":2},"minecraft:picked_up":{"biomesoplenty:lavender":3,"minecraft:crafting_table":1,"minecraft:wheat":15,"ecologics:coconut_planks":4,"minecraft:leather":2,"minecraft:potato":13,"minecraft:oak_log":95,"minecraft:string":2,"minecraft:red_bed":5,"minecraft:item_frame":1,"biomesoplenty:tall_lavender":1,"minecraft:beetroot":6,"minecraft:wheat_seeds":47,"minecraft:beef":4,"minecraft:rose_bush":1,"minecraft:chest":2,"minecraft:oak_planks":91,"minecraft:egg":3,"minecraft:stick":2,"ecologics:coconut_slice":6,"minecraft:poisonous_potato":1,"ecologics:coconut_husk":4,"minecraft:blast_furnace":1,"minecraft:white_bed":1,"minecraft:carrot":56,"naturalist:duck_egg":2,"minecraft:stone_sword":1,"minecraft:beetroot_seeds":12,"ecologics:coconut_log":3,"minecraft:hay_block":3,"minecraft:oak_sapling":1,"minecraft:dark_oak_fence":4},"minecraft:mined":{"minecraft:white_bed":1,"minecraft:red_bed":5,"minecraft:crafting_table":1,"minecraft:dark_oak_fence":6,"minecraft:blast_furnace":1,"minecraft:chest":2,"minecraft:rose_bush":1,"biomesoplenty:high_grass_plant":7,"ecologics:coconut_log":2,"minecraft:large_fern":1,"biomesoplenty:tall_lavender":1,"minecraft:carrots":22,"bloomingnature:mountain_laurel":1,"minecraft:wheat":17,"biomesoplenty:lavender":4,"minecraft:bee_nest":1,"minecraft:grass":8,"minecraft:potatoes":5,"minecraft:oak_log":10,"biomesoplenty:high_grass":6,"minecraft:beetroots":6,"minecraft:oak_leaves":1,"minecraft:fern":1},"minecraft:killed":{"bloomingnature:deer":1,"minecraft:spider":1,"minecraft:cow":2,"bloomingnature:pelican":1},"minecraft:crafted":{"minecraft:oak_planks":380,"minecraft:crafting_table":2,"ecologics:coconut_planks":4,"minecraft:wooden_pickaxe":1,"minecraft:stick":8,"minecraft:iron_ingot":2,"minecraft:iron_pickaxe":1,"minecraft:wooden_axe":2,"minecraft:chest":2}},"DataVersion":3465}