{"stats":{"minecraft:used":{"minecraft:bread":2},"minecraft:custom":{"minecraft:jump":85,"minecraft:open_chest":8,"minecraft:time_since_rest":5522,"minecraft:crouch_one_cm":208,"minecraft:sprint_one_cm":9831,"minecraft:play_time":5522,"minecraft:damage_taken":194,"minecraft:time_since_death":5522,"minecraft:walk_one_cm":20697,"minecraft:sneak_time":94,"minecraft:total_world_time":5522,"minecraft:fall_one_cm":2564,"minecraft:fly_one_cm":15258},"minecraft:picked_up":{"minecraft:blue_bed":1,"minecraft:dirt":1},"minecraft:mined":{"minecraft:grass_block":1,"minecraft:blue_bed":1}},"DataVersion":3465}