{"stats":{"minecraft:dropped":{"minecraft:carrot":1},"minecraft:picked_up":{"minecraft:stick":2,"minecraft:crafting_table":1,"minecraft:wheat":1,"minecraft:water_bucket":1,"minecraft:jungle_log":3,"minecraft:jungle_planks":4,"minecraft:pointed_dripstone":3,"minecraft:carrot":39,"minecraft:redstone":1,"minecraft:dirt":1,"meadow:inky_wool":1,"minecraft:iron_horse_armor":1,"minecraft:string":2,"minecraft:iron_leggings":1,"minecraft:orange_bed":8,"minecraft:sugar":1,"minecraft:apple":4,"minecraft:wheat_seeds":2,"bloomingnature:white_orchid":2,"biomesoplenty:mahogany_sapling":2,"minecraft:iron_helmet":1,"meadow:patched_wool":1,"minecraft:emerald":2,"minecraft:bread":1,"minecraft:oak_planks":1,"minecraft:glow_berries":1,"minecraft:mutton":3,"minecraft:iron_sword":1},"minecraft:killed":{"minecraft:sheep":2,"minecraft:witch":2,"minecraft:spider":1},"minecraft:mined":{"bloomingnature:white_orchid":2,"minecraft:jungle_leaves":8,"minecraft:crafting_table":1,"minecraft:cave_vines_plant":1,"minecraft:vine":1,"minecraft:jungle_planks":4,"biomesoplenty:mahogany_leaves":9,"minecraft:jungle_log":3,"minecraft:dirt":1,"minecraft:tall_grass":1,"biomesoplenty:spider_egg":1,"minecraft:oak_leaves":8,"minecraft:orange_bed":6,"minecraft:fern":2},"minecraft:used":{"minecraft:water_bucket":6,"minecraft:apple":4,"minecraft:bread":1,"minecraft:iron_helmet":1,"minecraft:iron_sword":23,"minecraft:orange_bed":7,"minecraft:wooden_sword":11,"minecraft:crafting_table":2,"minecraft:jungle_planks":4,"minecraft:carrot":45,"minecraft:bucket":6,"minecraft:pointed_dripstone":3,"meadow:patched_wool":1},"minecraft:crafted":{"minecraft:wooden_sword":1,"minecraft:crafting_table":1,"minecraft:stick":4,"minecraft:jungle_planks":12},"minecraft:custom":{"minecraft:time_since_rest":3063,"minecraft:sprint_one_cm":129969,"minecraft:damage_taken":952,"minecraft:walk_one_cm":69463,"minecraft:trigger_trapped_chest":1,"minecraft:mob_kills":5,"minecraft:drop":1,"tombstone:raider_killed":2,"minecraft:damage_dealt":1036,"minecraft:swim_one_cm":26046,"minecraft:interact_with_crafting_table":1,"minecraft:fly_one_cm":322388,"minecraft:open_barrel":1,"minecraft:open_chest":4,"minecraft:crouch_one_cm":3409,"minecraft:play_time":46796,"minecraft:deaths":1,"minecraft:sneak_time":1145,"minecraft:walk_under_water_one_cm":5535,"minecraft:jump":1232,"minecraft:time_since_death":3859,"minecraft:walk_on_water_one_cm":4217,"minecraft:sleep_in_bed":3,"minecraft:climb_one_cm":2509,"minecraft:total_world_time":46796,"minecraft:fall_one_cm":40141}},"DataVersion":3465}