{"stats":{"minecraft:used":{"iceandfire:silver_sword":15,"minecraft:bread":5,"minecraft:string":3,"minecraft:light_blue_bed":1,"tombstone:gift":1,"minecraft:spruce_log":7},"minecraft:dropped":{"tombstone:grave_dust":1},"minecraft:killed":{"iceandfire:ghost":3,"minecraft:creeper":1},"minecraft:custom":{"minecraft:time_since_rest":10781,"minecraft:sprint_one_cm":42225,"minecraft:damage_taken":457,"minecraft:walk_one_cm":45324,"minecraft:trigger_trapped_chest":1,"minecraft:mob_kills":5,"minecraft:drop":1,"minecraft:damage_dealt":1136,"minecraft:swim_one_cm":3835,"minecraft:fly_one_cm":117334,"minecraft:open_chest":16,"minecraft:crouch_one_cm":1474,"minecraft:play_time":24973,"tombstone:undead_killed":3,"minecraft:deaths":1,"minecraft:sneak_time":742,"minecraft:walk_under_water_one_cm":18298,"minecraft:jump":192,"minecraft:leave_game":3,"minecraft:walk_on_water_one_cm":84,"minecraft:time_since_death":11175,"minecraft:climb_one_cm":30232,"minecraft:total_world_time":24973,"minecraft:fall_one_cm":5108,"minecraft:inspect_dispenser":1},"minecraft:picked_up":{"tombstone:grave_dust":1,"minecraft:spruce_log":2,"minecraft:light_blue_bed":1,"minecraft:string":3,"minecraft:iron_leggings":1,"minecraft:bow":1,"minecraft:spruce_planks":2,"minecraft:crossbow":1,"minecraft:iron_ingot":1,"minecraft:piston":1,"minecraft:iron_boots":1},"minecraft:mined":{"minecraft:spruce_planks":2,"minecraft:light_blue_bed":1,"minecraft:glass_pane":1,"minecraft:spruce_log":2,"minecraft:grass":1,"minecraft:piston":1,"minecraft:tripwire":3}},"DataVersion":3465}