{"stats":{"minecraft:broken":{"minecraft:stone_axe":2,"minecraft:iron_sword":1},"minecraft:killed":{"minecraft:slime":16,"minecraft:phantom":2,"minecraft:hoglin":1,"minecraft:sheep":6,"minecraft:zombie":1,"iceandfire:ghost":2,"minecraft:wither_skeleton":35},"minecraft:custom":{"minecraft:interact_with_smithing_table":2,"minecraft:mob_kills":65,"minecraft:interact_with_crafting_table":18,"minecraft:open_barrel":2,"minecraft:leave_game":3,"minecraft:time_since_death":6875,"minecraft:climb_one_cm":5291,"minecraft:damage_resisted":67,"minecraft:sprint_one_cm":385717,"minecraft:walk_one_cm":294570,"minecraft:damage_blocked_by_shield":1569,"minecraft:drop":64,"minecraft:play_time":157041,"minecraft:deaths":4,"minecraft:sneak_time":10361,"minecraft:walk_under_water_one_cm":7703,"minecraft:jump":3788,"minecraft:walk_on_water_one_cm":14644,"minecraft:total_world_time":157041,"tombstone:raider_killed":2,"minecraft:sleep_in_bed":6,"minecraft:time_since_rest":1837,"minecraft:damage_taken":7294,"minecraft:damage_absorbed":550,"minecraft:damage_dealt":14735,"minecraft:swim_one_cm":53829,"minecraft:fly_one_cm":799318,"minecraft:open_chest":74,"minecraft:crouch_one_cm":27035,"tombstone:undead_killed":40,"minecraft:interact_with_smoker":8,"minecraft:fall_one_cm":129451},"minecraft:killed_by":{"naturalist:rattlesnake":1},"minecraft:picked_up":{"minecraft:crafting_table":3,"iceandfire:witherbone":19,"minecraft:brown_mushroom":1,"minecraft:oak_stairs":1,"minecraft:gold_block":1,"minecraft:sea_pickle":1,"minecraft:gold_nugget":30,"meadow:inky_bed":3,"minecraft:rose_bush":3,"minecraft:melon_slice":101,"minecraft:tipped_arrow":1,"minecraft:stick":11,"minecraft:raw_iron":8,"ecologics:coconut_slice":2,"minecraft:torch":1,"minecraft:stone_button":5,"tombstone:grave_dust":11,"meadow:inky_wool":3,"minecraft:golden_chestplate":2,"minecraft:dark_oak_planks":12,"minecraft:arrow":3,"minecraft:beetroot_seeds":5,"minecraft:hay_block":6,"minecraft:cyan_terracotta":3,"minecraft:gold_ingot":9,"minecraft:obsidian":3,"minecraft:mutton":7,"minecraft:iron_bars":1,"minecraft:cobblestone":23,"minecraft:white_wool":2,"minecraft:golden_carrot":3,"minecraft:magenta_banner":2,"minecraft:black_bed":5,"minecraft:filled_map":1,"minecraft:oak_log":227,"minecraft:gray_concrete":3,"minecraft:dirt":3,"minecraft:white_banner":4,"minecraft:bone":27,"bloomingnature:swamp_oak_sapling":1,"minecraft:apple":5,"minecraft:wheat_seeds":4,"minecraft:iron_ingot":2,"tombstone:bag_of_seeds":1,"biomesoplenty:mahogany_planks":1,"minecraft:iron_sword":2,"minecraft:oak_planks":67,"minecraft:book":2,"minecraft:stone_brick_slab":1,"ecologics:coconut_husk":2,"minecraft:nether_brick_stairs":3,"minecraft:white_bed":1,"naturalist:duck_egg":1,"minecraft:dark_prismarine":7,"minecraft:polished_andesite":2,"minecraft:slime_ball":17,"minecraft:diamond":1,"minecraft:gray_wool":1,"minecraft:golden_horse_armor":1,"tombstone:magic_scroll":1,"minecraft:oak_sapling":28,"minecraft:acacia_slab":1,"minecraft:coal":26},"minecraft:dropped":{"minecraft:iron_ingot":1,"minecraft:iron_sword":2,"minecraft:brown_mushroom":1,"minecraft:diamond":18,"minecraft:golden_horse_armor":3,"minecraft:iron_helmet":2,"minecraft:cobblestone":1,"minecraft:book":4,"biomesoplenty:mahogany_planks":1,"minecraft:saddle":1,"minecraft:coal":3,"minecraft:polished_andesite":1,"minecraft:gray_concrete":3,"minecraft:gray_wool":1,"minecraft:stone_button":5,"minecraft:rose_bush":3,"minecraft:melon_slice":1,"minecraft:diamond_helmet":1,"tombstone:grave_dust":10,"minecraft:gold_nugget":30,"minecraft:white_wool":2,"minecraft:stone_brick_slab":1,"minecraft:gold_ingot":1,"minecraft:furnace":1,"minecraft:golden_chestplate":2,"minecraft:raw_iron":8,"minecraft:obsidian":6,"iceandfire:witherbone":1,"minecraft:oak_planks":367,"minecraft:pumpkin_seeds":1,"mca:engagement_ring":1,"minecraft:filled_map":2,"minecraft:tipped_arrow":1,"minecraft:beetroot_seeds":10,"ecologics:coconut_husk":4,"minecraft:diamond_boots":1,"minecraft:wooden_pickaxe":1},"minecraft:crafted":{"minecraft:oak_planks":880,"minecraft:furnace":1,"minecraft:cooked_mutton":13,"minecraft:diamond_leggings":1,"minecraft:stone_pickaxe":1,"minecraft:wheat":36,"minecraft:diamond_sword":1,"mca:engagement_ring":1,"minecraft:cooked_porkchop":7,"minecraft:crafting_table":7,"minecraft:wooden_pickaxe":1,"minecraft:baked_potato":13,"minecraft:smithing_table":1,"minecraft:stone_axe":3,"minecraft:bread":12,"minecraft:air":0,"minecraft:golden_apple":3,"minecraft:shield":1,"minecraft:stick":12,"minecraft:gold_ingot":9,"minecraft:netherite_ingot":1,"minecraft:torch":4,"meadow:inky_bed":1},"minecraft:mined":{"minecraft:dark_oak_planks":1,"minecraft:dark_prismarine":4,"meadow:inky_bed":3,"minecraft:stone_button":3,"minecraft:grass_block":1,"minecraft:acacia_slab":1,"minecraft:spawner":9,"minecraft:hay_block":9,"minecraft:iron_ore":8,"minecraft:fire":1,"biomesoplenty:lavender":1,"minecraft:nether_brick_stairs":1,"minecraft:gold_block":1,"bloomingnature:swamp_oak_leaves":6,"minecraft:oak_stairs":1,"minecraft:iron_bars":1,"minecraft:stone":17,"minecraft:spruce_slab":1,"minecraft:gray_concrete":2,"minecraft:cyan_terracotta":8,"minecraft:magenta_wall_banner":2,"minecraft:stone_brick_slab":1,"minecraft:crafting_table":3,"minecraft:torch":1,"minecraft:melon":3,"biomesoplenty:mahogany_planks":1,"minecraft:oak_planks":10,"minecraft:spruce_stairs":1,"minecraft:gray_wool":1,"minecraft:black_bed":4,"minecraft:white_wall_banner":4,"minecraft:grass":1,"minecraft:oak_log":27,"minecraft:coal_ore":18,"minecraft:dirt":2,"minecraft:polished_andesite":2,"minecraft:mossy_stone_bricks":1,"minecraft:oak_leaves":7},"minecraft:used":{"minecraft:iron_bars":1,"minecraft:shield":49,"minecraft:iron_sword":250,"minecraft:torch":3,"minecraft:dirt":3,"minecraft:nether_brick_stairs":3,"minecraft:dark_oak_planks":8,"minecraft:oak_stairs":1,"minecraft:acacia_slab":1,"minecraft:golden_carrot":15,"minecraft:oak_sapling":4,"minecraft:netherite_pickaxe":54,"tombstone:gift":3,"minecraft:enchanted_golden_apple":1,"minecraft:cooked_mutton":2,"minecraft:chorus_fruit":2,"minecraft:stone_pickaxe":8,"minecraft:polished_andesite":1,"minecraft:oak_planks":512,"minecraft:wooden_pickaxe":18,"naturalist:duck_egg":1,"minecraft:golden_apple":12,"minecraft:crafting_table":10,"minecraft:white_bed":1,"minecraft:black_bed":5,"tombstone:bag_of_seeds":2,"minecraft:oak_log":7,"minecraft:dark_prismarine":5,"minecraft:apple":12,"meadow:inky_bed":3,"minecraft:bread":27,"minecraft:melon_slice":100,"tombstone:grave_key":1,"minecraft:stone_axe":32,"ecologics:coconut_slice":2,"minecraft:diamond_sword":136,"minecraft:cobblestone":2,"minecraft:smithing_table":1,"minecraft:sea_pickle":1,"minecraft:experience_bottle":18}},"DataVersion":3465}