{"stats":{"minecraft:custom":{"minecraft:time_since_rest":14323,"minecraft:sprint_one_cm":84608,"minecraft:damage_taken":712,"minecraft:walk_one_cm":68943,"minecraft:mob_kills":3,"minecraft:drop":9,"minecraft:damage_dealt":168,"minecraft:swim_one_cm":22975,"minecraft:interact_with_crafting_table":6,"minecraft:fly_one_cm":257101,"minecraft:open_chest":14,"minecraft:crouch_one_cm":4364,"minecraft:play_time":35515,"minecraft:deaths":2,"minecraft:sneak_time":1901,"minecraft:walk_under_water_one_cm":3974,"minecraft:jump":1049,"minecraft:leave_game":1,"minecraft:time_since_death":15888,"minecraft:walk_on_water_one_cm":7487,"minecraft:sleep_in_bed":1,"minecraft:climb_one_cm":2765,"minecraft:total_world_time":35515,"minecraft:fall_one_cm":34492},"minecraft:used":{"minecraft:bread":7,"minecraft:stone_pickaxe":8,"minecraft:chorus_fruit":2,"minecraft:wooden_pickaxe":18,"minecraft:stone_axe":29,"ecologics:coconut_slice":2,"minecraft:dirt":3,"minecraft:crafting_table":3,"minecraft:white_bed":1,"tombstone:gift":2,"minecraft:black_bed":2},"minecraft:killed_by":{"naturalist:rattlesnake":1},"minecraft:dropped":{"minecraft:filled_map":2,"minecraft:iron_ingot":1,"ecologics:coconut_husk":4,"tombstone:grave_dust":2},"minecraft:broken":{"minecraft:stone_axe":1},"minecraft:picked_up":{"minecraft:stick":2,"minecraft:crafting_table":2,"minecraft:raw_iron":8,"ecologics:coconut_slice":2,"minecraft:black_bed":3,"minecraft:filled_map":1,"ecologics:coconut_husk":2,"minecraft:oak_log":96,"tombstone:grave_dust":1,"minecraft:white_bed":1,"minecraft:dirt":3,"minecraft:wheat_seeds":2,"minecraft:hay_block":4,"minecraft:iron_ingot":1,"minecraft:mutton":2,"minecraft:white_wool":2,"minecraft:cobblestone":15},"minecraft:mined":{"minecraft:hay_block":7,"minecraft:iron_ore":8,"biomesoplenty:lavender":1,"minecraft:black_bed":2,"minecraft:crafting_table":2,"minecraft:grass":1,"minecraft:grass_block":1,"minecraft:oak_log":25,"minecraft:dirt":2,"minecraft:stone":15,"minecraft:oak_leaves":2},"minecraft:crafted":{"minecraft:oak_planks":28,"minecraft:crafting_table":1,"minecraft:stick":12,"minecraft:wooden_pickaxe":1,"minecraft:stone_pickaxe":1,"minecraft:furnace":1,"minecraft:stone_axe":1,"minecraft:bread":12,"minecraft:wheat":36},"minecraft:killed":{"minecraft:sheep":3}},"DataVersion":3465}