{"stats":{"minecraft:picked_up":{"minecraft:stick":2,"minecraft:crafting_table":1,"minecraft:wheat":1,"minecraft:water_bucket":1,"minecraft:jungle_log":3,"minecraft:carrot":6,"meadow:inky_wool":1,"minecraft:iron_horse_armor":1,"minecraft:string":2,"minecraft:iron_leggings":1,"minecraft:orange_bed":1,"minecraft:apple":4,"bloomingnature:white_orchid":2,"biomesoplenty:mahogany_sapling":2,"minecraft:iron_helmet":1,"meadow:patched_wool":1,"minecraft:bread":1,"minecraft:mutton":3,"minecraft:iron_sword":1},"minecraft:killed":{"minecraft:sheep":2,"minecraft:spider":1},"minecraft:mined":{"bloomingnature:white_orchid":2,"minecraft:jungle_leaves":8,"minecraft:crafting_table":1,"biomesoplenty:mahogany_leaves":9,"minecraft:jungle_log":3,"minecraft:oak_leaves":7,"minecraft:fern":1},"minecraft:used":{"minecraft:apple":4,"minecraft:bread":1,"minecraft:iron_helmet":1,"minecraft:iron_sword":9,"minecraft:wooden_sword":11,"minecraft:crafting_table":1,"minecraft:carrot":2,"meadow:patched_wool":1},"minecraft:crafted":{"minecraft:wooden_sword":1,"minecraft:crafting_table":1,"minecraft:stick":4,"minecraft:jungle_planks":12},"minecraft:custom":{"minecraft:time_since_rest":10796,"minecraft:sprint_one_cm":20792,"minecraft:damage_taken":109,"minecraft:walk_one_cm":12830,"minecraft:mob_kills":3,"minecraft:damage_dealt":321,"minecraft:swim_one_cm":939,"minecraft:interact_with_crafting_table":1,"minecraft:fly_one_cm":42579,"minecraft:crouch_one_cm":747,"minecraft:play_time":10796,"minecraft:sneak_time":315,"minecraft:walk_under_water_one_cm":40,"minecraft:jump":257,"minecraft:time_since_death":10796,"minecraft:walk_on_water_one_cm":453,"minecraft:climb_one_cm":1978,"minecraft:total_world_time":10796,"minecraft:fall_one_cm":8264}},"DataVersion":3465}