{"stats":{"minecraft:used":{"minecraft:bread":1},"minecraft:custom":{"minecraft:jump":57,"minecraft:open_chest":9,"minecraft:time_since_rest":5490,"minecraft:sprint_one_cm":12346,"minecraft:play_time":5490,"minecraft:damage_taken":68,"minecraft:time_since_death":5490,"minecraft:walk_one_cm":13641,"minecraft:sneak_time":4,"minecraft:total_world_time":5490,"minecraft:fall_one_cm":2158,"minecraft:fly_one_cm":10197},"minecraft:mined":{"minecraft:grass":1,"minecraft:glass_pane":1,"minecraft:light_blue_bed":1},"minecraft:picked_up":{"minecraft:iron_ingot":1,"minecraft:iron_leggings":1,"minecraft:light_blue_bed":1,"minecraft:iron_boots":1}},"DataVersion":3465}