{"stats":{"minecraft:custom":{"minecraft:interact_with_smithing_table":2,"minecraft:mob_kills":60,"minecraft:interact_with_crafting_table":16,"minecraft:leave_game":1,"minecraft:time_since_death":45987,"minecraft:climb_one_cm":2765,"minecraft:damage_resisted":67,"minecraft:sprint_one_cm":277320,"minecraft:walk_one_cm":234761,"minecraft:damage_blocked_by_shield":1569,"minecraft:drop":56,"minecraft:play_time":113515,"minecraft:deaths":3,"minecraft:sneak_time":8665,"minecraft:walk_under_water_one_cm":5624,"minecraft:jump":2769,"minecraft:walk_on_water_one_cm":12728,"minecraft:total_world_time":113515,"tombstone:raider_killed":2,"minecraft:sleep_in_bed":4,"minecraft:time_since_rest":45571,"minecraft:damage_taken":6815,"minecraft:damage_absorbed":550,"minecraft:damage_dealt":14203,"minecraft:swim_one_cm":38344,"minecraft:fly_one_cm":503153,"minecraft:open_chest":42,"minecraft:crouch_one_cm":25270,"tombstone:undead_killed":38,"minecraft:interact_with_smoker":1,"minecraft:fall_one_cm":93339},"minecraft:killed_by":{"naturalist:rattlesnake":1},"minecraft:used":{"minecraft:iron_bars":1,"minecraft:shield":49,"minecraft:iron_sword":250,"minecraft:torch":3,"minecraft:dirt":3,"minecraft:nether_brick_stairs":3,"minecraft:dark_oak_planks":8,"minecraft:acacia_slab":1,"minecraft:golden_carrot":15,"minecraft:oak_sapling":4,"minecraft:netherite_pickaxe":31,"tombstone:gift":2,"minecraft:enchanted_golden_apple":1,"minecraft:cooked_mutton":2,"minecraft:stone_pickaxe":8,"minecraft:chorus_fruit":2,"minecraft:polished_andesite":1,"minecraft:oak_planks":512,"minecraft:wooden_pickaxe":18,"minecraft:golden_apple":12,"minecraft:crafting_table":8,"minecraft:white_bed":1,"minecraft:black_bed":5,"minecraft:oak_log":7,"tombstone:bag_of_seeds":2,"minecraft:dark_prismarine":5,"minecraft:apple":9,"minecraft:bread":20,"minecraft:melon_slice":85,"tombstone:grave_key":1,"minecraft:stone_axe":32,"ecologics:coconut_slice":2,"minecraft:diamond_sword":118,"minecraft:smithing_table":1,"minecraft:sea_pickle":1,"minecraft:experience_bottle":18},"minecraft:dropped":{"minecraft:iron_ingot":1,"minecraft:iron_sword":1,"minecraft:diamond":18,"minecraft:golden_horse_armor":3,"minecraft:iron_helmet":2,"minecraft:cobblestone":1,"minecraft:book":4,"biomesoplenty:mahogany_planks":1,"minecraft:saddle":1,"minecraft:coal":3,"minecraft:polished_andesite":1,"minecraft:gray_concrete":3,"minecraft:gray_wool":1,"minecraft:stone_button":3,"minecraft:melon_slice":1,"minecraft:rose_bush":3,"minecraft:diamond_helmet":1,"tombstone:grave_dust":10,"minecraft:gold_nugget":30,"minecraft:white_wool":2,"minecraft:golden_chestplate":2,"minecraft:obsidian":6,"iceandfire:witherbone":1,"minecraft:oak_planks":367,"minecraft:pumpkin_seeds":1,"minecraft:filled_map":2,"minecraft:tipped_arrow":1,"minecraft:beetroot_seeds":10,"ecologics:coconut_husk":4,"minecraft:diamond_boots":1,"minecraft:wooden_pickaxe":1},"minecraft:broken":{"minecraft:stone_axe":2,"minecraft:iron_sword":1},"minecraft:picked_up":{"minecraft:crafting_table":2,"iceandfire:witherbone":19,"minecraft:sea_pickle":1,"minecraft:gold_nugget":30,"minecraft:rose_bush":3,"minecraft:melon_slice":101,"minecraft:tipped_arrow":1,"minecraft:stick":11,"minecraft:raw_iron":8,"ecologics:coconut_slice":2,"minecraft:torch":1,"minecraft:stone_button":5,"tombstone:grave_dust":11,"minecraft:golden_chestplate":2,"minecraft:dark_oak_planks":12,"minecraft:arrow":3,"minecraft:beetroot_seeds":5,"minecraft:hay_block":6,"minecraft:cyan_terracotta":3,"minecraft:mutton":2,"minecraft:obsidian":3,"minecraft:iron_bars":1,"minecraft:white_wool":2,"minecraft:cobblestone":21,"minecraft:golden_carrot":3,"minecraft:black_bed":5,"minecraft:filled_map":1,"minecraft:oak_log":227,"minecraft:gray_concrete":3,"minecraft:dirt":3,"minecraft:bone":27,"minecraft:apple":5,"minecraft:wheat_seeds":4,"minecraft:iron_ingot":2,"tombstone:bag_of_seeds":1,"minecraft:oak_planks":67,"minecraft:iron_sword":2,"biomesoplenty:mahogany_planks":1,"minecraft:book":2,"ecologics:coconut_husk":2,"minecraft:nether_brick_stairs":3,"minecraft:white_bed":1,"naturalist:duck_egg":1,"minecraft:dark_prismarine":7,"minecraft:polished_andesite":2,"minecraft:slime_ball":17,"minecraft:gray_wool":1,"minecraft:golden_horse_armor":1,"tombstone:magic_scroll":1,"minecraft:oak_sapling":28,"minecraft:acacia_slab":1,"minecraft:coal":8},"minecraft:mined":{"minecraft:dark_oak_planks":1,"minecraft:dark_prismarine":4,"minecraft:stone_button":3,"minecraft:grass_block":1,"minecraft:acacia_slab":1,"minecraft:spawner":9,"minecraft:hay_block":9,"minecraft:iron_ore":8,"minecraft:fire":1,"biomesoplenty:lavender":1,"minecraft:nether_brick_stairs":1,"minecraft:iron_bars":1,"minecraft:stone":15,"minecraft:spruce_slab":1,"minecraft:gray_concrete":2,"minecraft:cyan_terracotta":8,"minecraft:crafting_table":2,"minecraft:torch":1,"minecraft:melon":3,"biomesoplenty:mahogany_planks":1,"minecraft:oak_planks":10,"minecraft:spruce_stairs":1,"minecraft:gray_wool":1,"minecraft:black_bed":4,"minecraft:grass":1,"minecraft:oak_log":27,"minecraft:dirt":2,"minecraft:polished_andesite":2,"minecraft:oak_leaves":7},"minecraft:killed":{"minecraft:slime":16,"minecraft:phantom":2,"minecraft:hoglin":1,"minecraft:sheep":3,"minecraft:zombie":1,"minecraft:wither_skeleton":35},"minecraft:crafted":{"minecraft:oak_planks":880,"minecraft:furnace":1,"minecraft:cooked_mutton":2,"minecraft:diamond_leggings":1,"minecraft:stone_pickaxe":1,"minecraft:wheat":36,"minecraft:diamond_sword":1,"minecraft:crafting_table":6,"minecraft:wooden_pickaxe":1,"minecraft:smithing_table":1,"minecraft:stone_axe":3,"minecraft:air":0,"minecraft:bread":12,"minecraft:golden_apple":3,"minecraft:shield":1,"minecraft:stick":12,"minecraft:netherite_ingot":1,"minecraft:torch":4}},"DataVersion":3465}