{"stats":{"minecraft:picked_up":{"minecraft:stick":2,"minecraft:crafting_table":1,"minecraft:wheat":1,"minecraft:water_bucket":1,"minecraft:jungle_log":3,"minecraft:pointed_dripstone":3,"minecraft:carrot":38,"meadow:inky_wool":1,"minecraft:iron_horse_armor":1,"minecraft:string":2,"minecraft:iron_leggings":1,"minecraft:orange_bed":4,"minecraft:apple":4,"bloomingnature:white_orchid":2,"biomesoplenty:mahogany_sapling":2,"minecraft:iron_helmet":1,"meadow:patched_wool":1,"minecraft:bread":1,"minecraft:glow_berries":1,"minecraft:mutton":3,"minecraft:iron_sword":1},"minecraft:killed":{"minecraft:sheep":2,"minecraft:spider":1},"minecraft:mined":{"bloomingnature:white_orchid":2,"minecraft:jungle_leaves":8,"minecraft:crafting_table":1,"minecraft:cave_vines_plant":1,"biomesoplenty:mahogany_leaves":9,"minecraft:jungle_log":3,"minecraft:oak_leaves":7,"minecraft:orange_bed":3,"minecraft:fern":1},"minecraft:used":{"minecraft:apple":4,"minecraft:bread":1,"minecraft:iron_helmet":1,"minecraft:iron_sword":9,"minecraft:orange_bed":3,"minecraft:wooden_sword":11,"minecraft:crafting_table":2,"minecraft:carrot":23,"meadow:patched_wool":1},"minecraft:crafted":{"minecraft:wooden_sword":1,"minecraft:crafting_table":1,"minecraft:stick":4,"minecraft:jungle_planks":12},"minecraft:custom":{"minecraft:time_since_rest":11777,"minecraft:sprint_one_cm":64127,"minecraft:damage_taken":482,"minecraft:walk_one_cm":43783,"minecraft:trigger_trapped_chest":1,"minecraft:mob_kills":3,"minecraft:damage_dealt":332,"minecraft:swim_one_cm":4598,"minecraft:interact_with_crafting_table":1,"minecraft:fly_one_cm":109258,"minecraft:open_barrel":1,"minecraft:crouch_one_cm":1253,"minecraft:play_time":22796,"minecraft:sneak_time":552,"minecraft:walk_under_water_one_cm":141,"minecraft:jump":517,"minecraft:time_since_death":22796,"minecraft:walk_on_water_one_cm":909,"minecraft:sleep_in_bed":1,"minecraft:climb_one_cm":2087,"minecraft:total_world_time":22796,"minecraft:fall_one_cm":15824}},"DataVersion":3465}