{"stats":{"minecraft:broken":{"minecraft:iron_chestplate":1,"minecraft:shield":1,"minecraft:stone_axe":2,"minecraft:iron_sword":1},"minecraft:killed":{"minecraft:vindicator":2,"minecraft:slime":16,"minecraft:phantom":2,"minecraft:skeleton":9,"minecraft:horse":2,"iceandfire:fire_dragon":1,"minecraft:hoglin":1,"minecraft:sheep":7,"minecraft:pillager":11,"minecraft:donkey":1,"minecraft:zombie":1,"iceandfire:ghost":6,"minecraft:wither_skeleton":35},"minecraft:custom":{"minecraft:interact_with_smithing_table":2,"minecraft:mob_kills":96,"minecraft:interact_with_crafting_table":23,"minecraft:open_barrel":4,"minecraft:leave_game":10,"minecraft:time_since_death":44866,"minecraft:damage_resisted":67,"minecraft:climb_one_cm":9643,"minecraft:sprint_one_cm":591452,"minecraft:walk_one_cm":427078,"minecraft:damage_blocked_by_shield":2234,"minecraft:drop":83,"minecraft:play_time":252225,"minecraft:deaths":8,"minecraft:sneak_time":11719,"minecraft:walk_under_water_one_cm":25897,"minecraft:jump":7271,"minecraft:walk_on_water_one_cm":24777,"minecraft:total_world_time":252225,"minecraft:interact_with_furnace":13,"tombstone:raider_killed":15,"minecraft:sleep_in_bed":9,"minecraft:time_since_rest":13178,"minecraft:damage_taken":11459,"minecraft:damage_absorbed":550,"minecraft:trigger_trapped_chest":4,"minecraft:damage_dealt":22603,"minecraft:swim_one_cm":156792,"minecraft:fly_one_cm":1459869,"minecraft:open_chest":106,"minecraft:crouch_one_cm":28952,"tombstone:undead_killed":53,"minecraft:interact_with_smoker":8,"minecraft:fall_one_cm":243012,"minecraft:horse_one_cm":195636},"minecraft:killed_by":{"naturalist:rattlesnake":1},"minecraft:picked_up":{"minecraft:crafting_table":3,"iceandfire:witherbone":19,"minecraft:brown_mushroom":1,"minecraft:oak_stairs":1,"minecraft:wither_rose":2,"minecraft:gold_block":1,"minecraft:string":4,"minecraft:sea_pickle":1,"minecraft:gold_nugget":86,"meadow:inky_bed":4,"minecraft:rose_bush":4,"biomesoplenty:redwood_wood":6,"minecraft:melon_slice":101,"minecraft:tipped_arrow":1,"minecraft:stick":14,"minecraft:raw_iron":8,"ecologics:coconut_slice":2,"minecraft:torch":1,"minecraft:stone_button":5,"tombstone:grave_dust":13,"meadow:inky_wool":3,"minecraft:golden_chestplate":2,"minecraft:dark_oak_planks":12,"minecraft:arrow":22,"minecraft:beetroot_seeds":5,"minecraft:hay_block":6,"minecraft:cyan_terracotta":3,"minecraft:gold_ingot":9,"minecraft:obsidian":3,"minecraft:mutton":7,"minecraft:iron_bars":2,"minecraft:white_wool":4,"minecraft:cobblestone":23,"biomesoplenty:lavender":10,"minecraft:feather":2,"minecraft:golden_carrot":3,"minecraft:magenta_banner":2,"minecraft:black_bed":5,"minecraft:leather":8,"minecraft:filled_map":1,"minecraft:oak_log":227,"minecraft:gray_concrete":3,"minecraft:dirt":8,"minecraft:white_banner":6,"naturalist:bass":2,"minecraft:bone":35,"bloomingnature:swamp_oak_sapling":1,"minecraft:apple":5,"minecraft:wheat_seeds":5,"minecraft:iron_ingot":2,"tombstone:bag_of_seeds":1,"minecraft:iron_sword":2,"minecraft:oak_planks":68,"biomesoplenty:mahogany_planks":1,"minecraft:book":2,"minecraft:stone_brick_slab":1,"minecraft:sand":45,"ecologics:coconut_husk":2,"minecraft:nether_brick_stairs":3,"minecraft:white_bed":1,"naturalist:duck_egg":1,"minecraft:dark_prismarine":7,"travelersbackpack:standard":10,"minecraft:polished_andesite":2,"minecraft:slime_ball":17,"minecraft:diamond":1,"minecraft:crossbow":1,"minecraft:gray_wool":1,"minecraft:golden_horse_armor":1,"minecraft:emerald":7,"tombstone:magic_scroll":1,"minecraft:oak_sapling":31,"minecraft:acacia_slab":1,"minecraft:bricks":1,"minecraft:coal":26},"minecraft:dropped":{"minecraft:iron_ingot":1,"minecraft:iron_sword":2,"minecraft:brown_mushroom":1,"minecraft:wheat_seeds":1,"minecraft:baked_potato":13,"minecraft:diamond":18,"minecraft:golden_horse_armor":3,"biomesoplenty:lavender":9,"minecraft:iron_helmet":2,"minecraft:feather":2,"minecraft:cobblestone":1,"minecraft:book":4,"biomesoplenty:mahogany_planks":1,"minecraft:saddle":1,"travelersbackpack:standard":1,"minecraft:coal":3,"minecraft:stick":1,"minecraft:polished_andesite":1,"minecraft:gray_concrete":3,"minecraft:gray_wool":1,"minecraft:stone_button":5,"naturalist:bass":2,"minecraft:melon_slice":1,"minecraft:rose_bush":4,"minecraft:diamond_helmet":1,"tombstone:grave_dust":10,"minecraft:gold_nugget":52,"minecraft:sand":33,"minecraft:white_wool":2,"minecraft:stone_brick_slab":1,"minecraft:gold_ingot":2,"minecraft:furnace":1,"minecraft:golden_chestplate":2,"tombstone:gift":1,"minecraft:raw_iron":8,"minecraft:obsidian":6,"iceandfire:witherbone":1,"minecraft:oak_planks":368,"minecraft:pumpkin_seeds":1,"mca:engagement_ring":1,"minecraft:filled_map":2,"minecraft:tipped_arrow":1,"minecraft:beetroot_seeds":10,"iceandfire:silver_ingot":2,"ecologics:coconut_husk":4,"minecraft:diamond_boots":1,"minecraft:arrow":8,"minecraft:wooden_pickaxe":1,"biomesoplenty:tall_lavender":1},"minecraft:crafted":{"minecraft:oak_planks":880,"minecraft:furnace":1,"minecraft:cooked_mutton":13,"minecraft:glass":12,"travelersbackpack:white_sleeping_bag":1,"minecraft:diamond_leggings":1,"minecraft:stone_pickaxe":1,"minecraft:chest":1,"minecraft:wheat":36,"minecraft:diamond_sword":1,"mca:engagement_ring":1,"minecraft:cooked_porkchop":7,"minecraft:crafting_table":8,"minecraft:baked_potato":13,"travelersbackpack:backpack_tank":2,"minecraft:wooden_pickaxe":1,"travelersbackpack:standard":1,"minecraft:smithing_table":1,"minecraft:stone_axe":3,"minecraft:air":0,"minecraft:bread":12,"minecraft:white_wool":1,"minecraft:golden_apple":3,"minecraft:shield":1,"minecraft:stick":12,"minecraft:gold_ingot":9,"minecraft:netherite_ingot":1,"minecraft:torch":4,"meadow:inky_bed":1,"minecraft:shears":1},"minecraft:mined":{"minecraft:dark_oak_planks":1,"minecraft:dark_prismarine":4,"meadow:inky_bed":4,"biomesoplenty:bush":1,"minecraft:stone_button":3,"minecraft:grass_block":7,"minecraft:acacia_slab":1,"minecraft:spawner":10,"minecraft:hay_block":9,"minecraft:iron_ore":8,"minecraft:fire":4,"biomesoplenty:lavender":1,"minecraft:nether_brick_stairs":1,"minecraft:gold_block":1,"bloomingnature:swamp_oak_leaves":6,"minecraft:oak_stairs":1,"minecraft:iron_bars":2,"minecraft:stone":17,"minecraft:spruce_slab":1,"minecraft:gray_concrete":2,"minecraft:cyan_terracotta":8,"minecraft:magenta_wall_banner":2,"minecraft:stone_brick_slab":1,"travelersbackpack:standard":10,"minecraft:crafting_table":3,"minecraft:torch":1,"minecraft:melon":3,"biomesoplenty:mahogany_planks":1,"minecraft:rose_bush":1,"minecraft:oak_planks":11,"minecraft:spruce_stairs":2,"minecraft:gray_wool":1,"minecraft:black_bed":4,"minecraft:white_wall_banner":4,"minecraft:wither_rose":1,"minecraft:grass":11,"minecraft:oak_log":28,"minecraft:coal_ore":18,"minecraft:sand":45,"minecraft:dirt":2,"minecraft:cobweb":4,"minecraft:polished_andesite":2,"minecraft:mossy_stone_bricks":1,"minecraft:oak_leaves":18},"minecraft:used":{"minecraft:iron_bars":1,"minecraft:shield":84,"minecraft:iron_sword":250,"minecraft:torch":3,"minecraft:dirt":8,"minecraft:nether_brick_stairs":3,"minecraft:dark_oak_planks":8,"minecraft:bricks":1,"minecraft:oak_stairs":1,"minecraft:acacia_slab":1,"minecraft:golden_carrot":15,"minecraft:oak_sapling":7,"minecraft:netherite_pickaxe":59,"tombstone:gift":3,"minecraft:enchanted_golden_apple":1,"minecraft:cooked_mutton":2,"minecraft:chorus_fruit":2,"minecraft:stone_pickaxe":8,"minecraft:polished_andesite":1,"minecraft:oak_planks":547,"minecraft:wooden_pickaxe":18,"naturalist:duck_egg":1,"minecraft:golden_apple":12,"minecraft:crafting_table":11,"minecraft:white_bed":1,"minecraft:black_bed":5,"tombstone:bag_of_seeds":2,"minecraft:oak_log":7,"minecraft:dark_prismarine":5,"minecraft:apple":12,"meadow:inky_bed":4,"minecraft:bread":91,"minecraft:melon_slice":100,"tombstone:grave_key":4,"ecologics:coconut_slice":2,"minecraft:stone_axe":32,"minecraft:diamond_sword":320,"minecraft:cobblestone":2,"travelersbackpack:standard":14,"minecraft:smithing_table":1,"minecraft:wither_rose":2,"minecraft:sea_pickle":1,"minecraft:experience_bottle":18}},"DataVersion":3465}