{"stats":{"minecraft:used":{"minecraft:ender_eye":13,"iceandfire:silver_sword":31,"minecraft:flint_and_steel":1,"minecraft:bread":5,"minecraft:string":3,"minecraft:light_blue_bed":1,"minecraft:torch":2,"tombstone:gift":1,"minecraft:end_portal_frame":13,"minecraft:spruce_log":7,"minecraft:obsidian":19},"minecraft:dropped":{"tombstone:grave_dust":1},"minecraft:killed":{"iceandfire:ghost":3,"iceandfire:gorgon":1,"minecraft:creeper":1},"minecraft:custom":{"minecraft:time_since_rest":22781,"minecraft:sprint_one_cm":47273,"minecraft:damage_taken":457,"minecraft:walk_one_cm":60983,"minecraft:trigger_trapped_chest":1,"minecraft:mob_kills":6,"minecraft:drop":1,"minecraft:damage_dealt":2211,"minecraft:swim_one_cm":3835,"minecraft:fly_one_cm":343767,"minecraft:open_chest":17,"minecraft:crouch_one_cm":1899,"minecraft:play_time":36973,"tombstone:undead_killed":4,"minecraft:deaths":1,"minecraft:sneak_time":1580,"minecraft:walk_under_water_one_cm":34719,"minecraft:jump":237,"minecraft:leave_game":3,"minecraft:walk_on_water_one_cm":3536,"minecraft:time_since_death":23175,"minecraft:climb_one_cm":30232,"minecraft:total_world_time":36973,"minecraft:fall_one_cm":5108,"minecraft:inspect_dispenser":1},"minecraft:mined":{"minecraft:spruce_planks":2,"minecraft:light_blue_bed":1,"minecraft:glass_pane":1,"minecraft:spruce_log":2,"minecraft:grass":1,"minecraft:piston":1,"minecraft:tripwire":3},"minecraft:picked_up":{"iceandfire:sea_serpent_fang":2,"tombstone:grave_key":1,"tombstone:grave_dust":1,"minecraft:spruce_log":2,"minecraft:light_blue_bed":1,"minecraft:string":3,"minecraft:iron_leggings":1,"minecraft:bow":1,"minecraft:bucket":1,"minecraft:spruce_planks":2,"minecraft:crossbow":1,"minecraft:iron_ingot":1,"iceandfire:gorgon_head":1,"minecraft:piston":1,"minecraft:iron_boots":1}},"DataVersion":3465}