{"stats":{"minecraft:custom":{"minecraft:interact_with_smithing_table":2,"minecraft:mob_kills":33,"tombstone:raider_killed":1,"minecraft:interact_with_crafting_table":13,"minecraft:leave_game":1,"minecraft:time_since_death":21987,"minecraft:sleep_in_bed":4,"minecraft:climb_one_cm":2765,"minecraft:time_since_rest":21571,"minecraft:sprint_one_cm":222929,"minecraft:damage_absorbed":390,"minecraft:damage_taken":5454,"minecraft:walk_one_cm":179320,"minecraft:damage_blocked_by_shield":1219,"minecraft:drop":37,"minecraft:damage_dealt":10396,"minecraft:swim_one_cm":22975,"minecraft:fly_one_cm":422203,"minecraft:open_chest":37,"minecraft:crouch_one_cm":19592,"minecraft:play_time":89515,"tombstone:undead_killed":27,"minecraft:deaths":3,"minecraft:sneak_time":6514,"minecraft:walk_under_water_one_cm":3974,"minecraft:jump":2283,"minecraft:walk_on_water_one_cm":7487,"minecraft:total_world_time":89515,"minecraft:interact_with_smoker":1,"minecraft:fall_one_cm":74081},"minecraft:killed_by":{"naturalist:rattlesnake":1},"minecraft:used":{"minecraft:cooked_mutton":2,"minecraft:iron_bars":1,"minecraft:polished_andesite":1,"minecraft:chorus_fruit":2,"minecraft:stone_pickaxe":8,"minecraft:oak_planks":482,"minecraft:shield":40,"minecraft:wooden_pickaxe":18,"minecraft:iron_sword":250,"minecraft:torch":2,"minecraft:golden_apple":9,"minecraft:dirt":3,"minecraft:crafting_table":6,"minecraft:white_bed":1,"minecraft:black_bed":5,"minecraft:dark_prismarine":2,"minecraft:oak_log":7,"minecraft:apple":5,"minecraft:melon_slice":51,"minecraft:bread":20,"minecraft:acacia_slab":1,"tombstone:grave_key":1,"minecraft:stone_axe":32,"ecologics:coconut_slice":2,"minecraft:diamond_sword":14,"minecraft:golden_carrot":7,"minecraft:oak_sapling":4,"minecraft:smithing_table":1,"minecraft:netherite_pickaxe":25,"tombstone:gift":2,"minecraft:sea_pickle":1,"minecraft:experience_bottle":1},"minecraft:dropped":{"minecraft:iron_ingot":1,"minecraft:iron_sword":1,"minecraft:obsidian":6,"iceandfire:witherbone":1,"minecraft:iron_helmet":2,"minecraft:cobblestone":1,"minecraft:book":4,"minecraft:oak_planks":367,"minecraft:saddle":1,"minecraft:coal":3,"minecraft:polished_andesite":1,"minecraft:filled_map":2,"minecraft:gray_concrete":3,"minecraft:gray_wool":1,"minecraft:stone_button":3,"ecologics:coconut_husk":4,"tombstone:grave_dust":10,"minecraft:wooden_pickaxe":1,"minecraft:white_wool":2},"minecraft:broken":{"minecraft:stone_axe":2,"minecraft:iron_sword":1},"minecraft:picked_up":{"minecraft:crafting_table":2,"iceandfire:witherbone":17,"minecraft:black_bed":5,"minecraft:filled_map":1,"minecraft:oak_log":227,"minecraft:gray_concrete":3,"minecraft:dirt":3,"minecraft:bone":20,"minecraft:apple":5,"minecraft:sea_pickle":1,"minecraft:wheat_seeds":4,"minecraft:iron_ingot":2,"minecraft:melon_slice":64,"minecraft:iron_sword":1,"minecraft:oak_planks":67,"minecraft:book":2,"minecraft:stick":11,"minecraft:raw_iron":8,"ecologics:coconut_slice":2,"ecologics:coconut_husk":2,"minecraft:stone_button":3,"tombstone:grave_dust":11,"minecraft:white_bed":1,"minecraft:dark_prismarine":4,"minecraft:dark_oak_planks":4,"minecraft:polished_andesite":2,"minecraft:arrow":3,"minecraft:hay_block":6,"minecraft:cyan_terracotta":3,"minecraft:gray_wool":1,"minecraft:acacia_slab":1,"minecraft:iron_bars":1,"minecraft:oak_sapling":28,"minecraft:obsidian":3,"minecraft:mutton":2,"minecraft:coal":6,"minecraft:cobblestone":21,"minecraft:white_wool":2},"minecraft:mined":{"minecraft:dark_oak_planks":1,"minecraft:gray_concrete":2,"minecraft:cyan_terracotta":8,"minecraft:crafting_table":2,"minecraft:grass_block":1,"minecraft:acacia_slab":1,"minecraft:oak_planks":10,"minecraft:spawner":8,"minecraft:spruce_stairs":1,"minecraft:hay_block":9,"minecraft:gray_wool":1,"minecraft:iron_ore":8,"minecraft:fire":1,"biomesoplenty:lavender":1,"minecraft:black_bed":4,"minecraft:grass":1,"minecraft:oak_log":27,"minecraft:iron_bars":1,"minecraft:dirt":2,"minecraft:polished_andesite":2,"minecraft:stone":15,"minecraft:spruce_slab":1,"minecraft:oak_leaves":2},"minecraft:killed":{"minecraft:slime":1,"minecraft:hoglin":1,"minecraft:phantom":1,"minecraft:sheep":3,"minecraft:wither_skeleton":26},"minecraft:crafted":{"minecraft:oak_planks":788,"minecraft:diamond_sword":1,"minecraft:crafting_table":4,"minecraft:wooden_pickaxe":1,"minecraft:smithing_table":1,"minecraft:furnace":1,"minecraft:stone_axe":3,"minecraft:bread":12,"minecraft:cooked_mutton":2,"minecraft:air":0,"minecraft:diamond_leggings":1,"minecraft:shield":1,"minecraft:stick":12,"minecraft:stone_pickaxe":1,"minecraft:netherite_ingot":1,"minecraft:torch":4,"minecraft:wheat":36}},"DataVersion":3465}