{"stats":{"minecraft:dropped":{"minecraft:carrot":1,"minecraft:leather_helmet":1},"minecraft:picked_up":{"minecraft:crafting_table":1,"minecraft:wheat":1,"minecraft:water_bucket":1,"minecraft:jungle_log":3,"minecraft:string":2,"minecraft:dirt":1,"minecraft:iron_leggings":1,"minecraft:apple":4,"bloomingnature:white_orchid":2,"minecraft:wheat_seeds":2,"minecraft:iron_ingot":20,"meadow:patched_wool":1,"minecraft:iron_sword":1,"minecraft:oak_planks":1,"minecraft:stick":3,"ecologics:coconut_slice":2,"minecraft:jungle_planks":4,"minecraft:pointed_dripstone":3,"minecraft:carrot":39,"minecraft:redstone":1,"meadow:inky_wool":1,"minecraft:iron_horse_armor":1,"minecraft:orange_bed":8,"minecraft:sugar":1,"biomesoplenty:mahogany_sapling":2,"minecraft:iron_helmet":1,"minecraft:bread":1,"minecraft:emerald":2,"minecraft:glow_berries":1,"minecraft:mutton":3},"minecraft:killed":{"minecraft:witch":2,"minecraft:spider":1,"minecraft:sheep":2},"minecraft:mined":{"minecraft:jungle_leaves":8,"minecraft:crafting_table":1,"minecraft:cave_vines_plant":1,"bloomingnature:aspen_leaves":9,"minecraft:jungle_planks":4,"minecraft:jungle_log":3,"minecraft:tall_grass":1,"bloomingnature:white_orchid":2,"minecraft:birch_leaves":2,"biomesoplenty:mahogany_leaves":9,"minecraft:vine":1,"minecraft:sand":4,"minecraft:dirt":1,"biomesoplenty:spider_egg":1,"bloomingnature:quicksand":2,"minecraft:oak_leaves":8,"minecraft:fern":2,"minecraft:orange_bed":6},"minecraft:used":{"meadow:patched_wool":1,"minecraft:water_bucket":6,"minecraft:iron_sword":23,"minecraft:orange_bed":7,"minecraft:crafting_table":2,"minecraft:jungle_planks":4,"minecraft:carrot":45,"minecraft:apple":4,"minecraft:bread":1,"minecraft:iron_helmet":1,"ecologics:coconut_slice":2,"minecraft:wooden_sword":11,"minecraft:bucket":6,"minecraft:pointed_dripstone":3},"minecraft:custom":{"minecraft:mob_kills":5,"tombstone:raider_killed":2,"minecraft:interact_with_crafting_table":1,"minecraft:open_barrel":1,"minecraft:leave_game":1,"minecraft:time_since_death":9837,"minecraft:sleep_in_bed":3,"minecraft:climb_one_cm":2509,"minecraft:time_since_rest":9041,"minecraft:sprint_one_cm":146278,"minecraft:damage_taken":952,"minecraft:walk_one_cm":74684,"minecraft:trigger_trapped_chest":1,"minecraft:drop":2,"minecraft:damage_dealt":1036,"minecraft:swim_one_cm":28633,"minecraft:fly_one_cm":386472,"minecraft:open_chest":5,"minecraft:crouch_one_cm":3540,"minecraft:play_time":52774,"minecraft:deaths":1,"minecraft:sneak_time":1195,"minecraft:walk_under_water_one_cm":5827,"minecraft:jump":1448,"minecraft:walk_on_water_one_cm":6603,"minecraft:total_world_time":52774,"minecraft:fall_one_cm":46347},"minecraft:crafted":{"minecraft:wooden_sword":1,"minecraft:crafting_table":1,"minecraft:jungle_planks":12,"minecraft:stick":4}},"DataVersion":3465}