{"stats":{"minecraft:custom":{"minecraft:time_since_rest":725,"minecraft:interact_with_furnace":2,"minecraft:sprint_one_cm":31729,"minecraft:damage_taken":528,"minecraft:walk_one_cm":40876,"minecraft:trigger_trapped_chest":2,"minecraft:mob_kills":1,"minecraft:drop":18,"minecraft:damage_dealt":286,"minecraft:swim_one_cm":3738,"minecraft:interact_with_crafting_table":1,"minecraft:fly_one_cm":68067,"minecraft:open_barrel":1,"minecraft:open_chest":1,"minecraft:crouch_one_cm":4480,"minecraft:play_time":16628,"tombstone:undead_killed":1,"minecraft:deaths":2,"minecraft:sneak_time":1066,"minecraft:walk_under_water_one_cm":10311,"minecraft:jump":306,"minecraft:leave_game":1,"minecraft:walk_on_water_one_cm":5543,"minecraft:time_since_death":1882,"minecraft:total_world_time":16628,"minecraft:climb_one_cm":17591,"minecraft:fall_one_cm":7851,"minecraft:inspect_dispenser":1},"minecraft:killed":{"minecraft:skeleton":1},"minecraft:picked_up":{"minecraft:repeater":1,"minecraft:sand":9,"minecraft:oak_log":1,"tombstone:grave_dust":1,"biomesoplenty:dead_button":5,"minecraft:bone":2,"minecraft:spruce_planks":4},"minecraft:dropped":{"minecraft:bread":1,"minecraft:redstone_lamp":4,"minecraft:stone":16,"tombstone:grave_dust":2,"biomesoplenty:dead_button":1,"minecraft:bone":2},"minecraft:crafted":{"minecraft:oak_planks":4,"minecraft:crafting_table":1,"minecraft:bread":3},"minecraft:mined":{"minecraft:repeater":1,"minecraft:spruce_planks":4,"minecraft:light_gray_stained_glass":5,"minecraft:oak_log":1,"minecraft:sand":8,"minecraft:oak_leaves":3},"minecraft:used":{"minecraft:bread":2,"minecraft:oak_planks":4,"minecraft:stone":6,"minecraft:repeater":1,"minecraft:redstone_lamp":2,"minecraft:sand":8,"minecraft:crafting_table":1,"biomesoplenty:dead_button":4,"tombstone:gift":1}},"DataVersion":3465}