{"stats":{"minecraft:custom":{"minecraft:open_chest":14,"minecraft:time_since_rest":1104,"minecraft:crouch_one_cm":479,"minecraft:play_time":5666,"minecraft:sprint_one_cm":14869,"minecraft:walk_one_cm":12142,"minecraft:damage_taken":298,"minecraft:deaths":1,"minecraft:sneak_time":257,"minecraft:walk_under_water_one_cm":958,"minecraft:drop":2,"minecraft:jump":106,"minecraft:time_since_death":2969,"minecraft:walk_on_water_one_cm":2593,"minecraft:total_world_time":5666,"minecraft:climb_one_cm":2601,"minecraft:swim_one_cm":16143,"minecraft:fall_one_cm":1635,"minecraft:fly_one_cm":25793},"minecraft:used":{"tombstone:gift":2},"minecraft:killed_by":{"naturalist:rattlesnake":1},"minecraft:dropped":{"tombstone:grave_dust":2},"minecraft:picked_up":{"minecraft:crafting_table":1,"minecraft:black_bed":1,"tombstone:grave_dust":1},"minecraft:mined":{"minecraft:black_bed":1,"minecraft:crafting_table":1}},"DataVersion":3465}