{"stats":{"minecraft:picked_up":{"minecraft:stick":2,"minecraft:crafting_table":1,"minecraft:wheat":1,"minecraft:water_bucket":1,"minecraft:jungle_log":3,"minecraft:jungle_planks":4,"minecraft:pointed_dripstone":3,"minecraft:carrot":38,"meadow:inky_wool":1,"minecraft:iron_horse_armor":1,"minecraft:string":2,"minecraft:iron_leggings":1,"minecraft:orange_bed":7,"minecraft:apple":4,"bloomingnature:white_orchid":2,"biomesoplenty:mahogany_sapling":2,"minecraft:iron_helmet":1,"meadow:patched_wool":1,"minecraft:bread":1,"minecraft:glow_berries":1,"minecraft:mutton":3,"minecraft:iron_sword":1},"minecraft:killed":{"minecraft:sheep":2,"minecraft:spider":1},"minecraft:mined":{"bloomingnature:white_orchid":2,"minecraft:jungle_leaves":8,"minecraft:crafting_table":1,"minecraft:cave_vines_plant":1,"minecraft:jungle_planks":4,"biomesoplenty:mahogany_leaves":9,"minecraft:jungle_log":3,"biomesoplenty:spider_egg":1,"minecraft:oak_leaves":8,"minecraft:orange_bed":5,"minecraft:fern":2},"minecraft:used":{"minecraft:water_bucket":1,"minecraft:apple":4,"minecraft:bread":1,"minecraft:iron_helmet":1,"minecraft:iron_sword":10,"minecraft:orange_bed":6,"minecraft:wooden_sword":11,"minecraft:crafting_table":2,"minecraft:jungle_planks":4,"minecraft:carrot":28,"minecraft:bucket":1,"minecraft:pointed_dripstone":3,"meadow:patched_wool":1},"minecraft:crafted":{"minecraft:wooden_sword":1,"minecraft:crafting_table":1,"minecraft:stick":4,"minecraft:jungle_planks":12},"minecraft:custom":{"minecraft:time_since_rest":8766,"minecraft:sprint_one_cm":97741,"minecraft:damage_taken":509,"minecraft:walk_one_cm":51862,"minecraft:trigger_trapped_chest":1,"minecraft:mob_kills":3,"minecraft:damage_dealt":354,"minecraft:swim_one_cm":7516,"minecraft:interact_with_crafting_table":1,"minecraft:fly_one_cm":231196,"minecraft:open_barrel":1,"minecraft:open_chest":2,"minecraft:crouch_one_cm":2754,"minecraft:play_time":34796,"minecraft:sneak_time":825,"minecraft:walk_under_water_one_cm":1693,"minecraft:jump":919,"minecraft:time_since_death":34796,"minecraft:walk_on_water_one_cm":1958,"minecraft:sleep_in_bed":2,"minecraft:climb_one_cm":2337,"minecraft:total_world_time":34796,"minecraft:fall_one_cm":29734}},"DataVersion":3465}