{"stats":{"minecraft:custom":{"minecraft:open_chest":14,"minecraft:time_since_rest":3970,"minecraft:crouch_one_cm":802,"minecraft:play_time":17666,"minecraft:sprint_one_cm":47817,"minecraft:walk_one_cm":34518,"minecraft:damage_taken":392,"minecraft:deaths":1,"minecraft:sneak_time":443,"minecraft:walk_under_water_one_cm":1709,"minecraft:drop":6,"minecraft:jump":460,"minecraft:time_since_death":14969,"minecraft:walk_on_water_one_cm":3518,"minecraft:sleep_in_bed":1,"minecraft:total_world_time":17666,"minecraft:climb_one_cm":2765,"minecraft:swim_one_cm":22975,"minecraft:fall_one_cm":11276,"minecraft:fly_one_cm":125694},"minecraft:killed_by":{"naturalist:rattlesnake":1},"minecraft:used":{"ecologics:coconut_slice":2,"minecraft:crafting_table":1,"minecraft:chorus_fruit":2,"tombstone:gift":2,"minecraft:white_bed":1,"minecraft:black_bed":1},"minecraft:dropped":{"tombstone:grave_dust":2,"ecologics:coconut_husk":4},"minecraft:picked_up":{"minecraft:crafting_table":1,"ecologics:coconut_slice":2,"minecraft:black_bed":2,"ecologics:coconut_husk":2,"tombstone:grave_dust":1,"minecraft:white_bed":1},"minecraft:mined":{"biomesoplenty:lavender":1,"minecraft:black_bed":1,"minecraft:crafting_table":1}},"DataVersion":3465}