{"stats":{"minecraft:used":{"minecraft:string":3,"minecraft:bread":5,"tombstone:gift":1,"minecraft:light_blue_bed":1,"minecraft:spruce_log":7},"minecraft:dropped":{"tombstone:grave_dust":1},"minecraft:killed":{"minecraft:creeper":1},"minecraft:custom":{"minecraft:open_chest":15,"minecraft:time_since_rest":2175,"minecraft:crouch_one_cm":1431,"minecraft:play_time":16367,"minecraft:sprint_one_cm":41660,"minecraft:damage_taken":457,"minecraft:walk_one_cm":42346,"minecraft:deaths":1,"minecraft:sneak_time":405,"minecraft:mob_kills":1,"minecraft:walk_under_water_one_cm":137,"minecraft:drop":1,"minecraft:jump":179,"minecraft:damage_dealt":218,"minecraft:leave_game":2,"minecraft:time_since_death":2569,"minecraft:walk_on_water_one_cm":83,"minecraft:total_world_time":16367,"minecraft:climb_one_cm":30232,"minecraft:swim_one_cm":1832,"minecraft:fly_one_cm":35016,"minecraft:fall_one_cm":5108,"minecraft:inspect_dispenser":1},"minecraft:picked_up":{"minecraft:iron_leggings":1,"minecraft:bow":1,"minecraft:spruce_planks":2,"minecraft:iron_ingot":1,"minecraft:crossbow":1,"tombstone:grave_dust":1,"minecraft:spruce_log":2,"minecraft:light_blue_bed":1,"minecraft:piston":1,"minecraft:string":3,"minecraft:iron_boots":1},"minecraft:mined":{"minecraft:grass":1,"minecraft:spruce_planks":2,"minecraft:glass_pane":1,"minecraft:light_blue_bed":1,"minecraft:spruce_log":2,"minecraft:piston":1,"minecraft:tripwire":3}},"DataVersion":3465}