{"stats":{"minecraft:custom":{"minecraft:mob_kills":8,"minecraft:interact_with_crafting_table":9,"minecraft:leave_game":1,"minecraft:time_since_death":39888,"minecraft:sleep_in_bed":3,"minecraft:climb_one_cm":2765,"minecraft:time_since_rest":6363,"minecraft:sprint_one_cm":163788,"minecraft:damage_absorbed":70,"minecraft:damage_taken":1571,"minecraft:walk_one_cm":110478,"minecraft:drop":14,"minecraft:damage_dealt":2854,"minecraft:swim_one_cm":22975,"minecraft:fly_one_cm":355519,"minecraft:open_chest":31,"minecraft:crouch_one_cm":14936,"minecraft:play_time":59515,"tombstone:undead_killed":4,"minecraft:deaths":2,"minecraft:sneak_time":4284,"minecraft:walk_under_water_one_cm":3974,"minecraft:jump":1706,"minecraft:walk_on_water_one_cm":7487,"minecraft:total_world_time":59515,"minecraft:interact_with_smoker":1,"minecraft:fall_one_cm":49798},"minecraft:used":{"minecraft:chorus_fruit":2,"minecraft:stone_pickaxe":8,"minecraft:oak_planks":354,"minecraft:wooden_pickaxe":18,"minecraft:iron_sword":60,"minecraft:dirt":3,"minecraft:crafting_table":5,"minecraft:white_bed":1,"minecraft:black_bed":3,"minecraft:apple":1,"minecraft:bread":20,"minecraft:stone_axe":32,"ecologics:coconut_slice":2,"minecraft:oak_sapling":4,"minecraft:netherite_pickaxe":1,"tombstone:gift":2},"minecraft:killed_by":{"naturalist:rattlesnake":1},"minecraft:dropped":{"minecraft:iron_ingot":1,"minecraft:iron_sword":1,"iceandfire:witherbone":1,"minecraft:iron_helmet":1,"minecraft:book":2,"minecraft:filled_map":2,"ecologics:coconut_husk":4,"tombstone:grave_dust":2,"minecraft:wooden_pickaxe":1},"minecraft:broken":{"minecraft:stone_axe":2},"minecraft:picked_up":{"minecraft:crafting_table":2,"iceandfire:witherbone":1,"minecraft:black_bed":4,"minecraft:filled_map":1,"minecraft:oak_log":225,"minecraft:dirt":3,"minecraft:apple":5,"minecraft:wheat_seeds":4,"minecraft:iron_ingot":1,"minecraft:melon_slice":64,"minecraft:iron_sword":1,"minecraft:oak_planks":1,"minecraft:stick":9,"minecraft:raw_iron":8,"ecologics:coconut_slice":2,"ecologics:coconut_husk":2,"tombstone:grave_dust":1,"minecraft:white_bed":1,"minecraft:hay_block":6,"minecraft:oak_sapling":28,"minecraft:mutton":2,"minecraft:cobblestone":21,"minecraft:white_wool":2},"minecraft:mined":{"minecraft:crafting_table":2,"minecraft:grass_block":1,"minecraft:oak_planks":1,"minecraft:spawner":1,"minecraft:hay_block":9,"minecraft:iron_ore":8,"minecraft:fire":1,"biomesoplenty:lavender":1,"minecraft:black_bed":3,"minecraft:grass":1,"minecraft:oak_log":25,"minecraft:dirt":2,"minecraft:stone":15,"minecraft:oak_leaves":2},"minecraft:killed":{"minecraft:hoglin":1,"minecraft:sheep":3,"minecraft:wither_skeleton":4},"minecraft:crafted":{"minecraft:oak_planks":784,"minecraft:crafting_table":3,"minecraft:wooden_pickaxe":1,"minecraft:furnace":1,"minecraft:stone_axe":3,"minecraft:bread":12,"minecraft:cooked_mutton":2,"minecraft:air":0,"minecraft:shield":1,"minecraft:stick":12,"minecraft:stone_pickaxe":1,"minecraft:wheat":36}},"DataVersion":3465}